customer_id,recency,frequency,monetary_value,R_Quartile,F_Quartile,M_Quartile,RFMClass
user_1,419,8,42004.72,1,1,1,111
user_10,492,5,9322.6,3,3,4,334
user_100,619,2,50522.189999999995,4,4,1,441
user_1000,487,2,5109.3,3,4,4,344
user_1001,479,4,33239.45,3,3,1,331
user_1002,496,5,16341.760000000002,3,3,2,332
user_1003,604,2,9447.07,4,4,4,444
user_1004,442,4,12739.68,2,3,3,233
user_1005,402,5,7555.38,1,3,4,134
user_1006,473,1,854.46,3,4,4,344
user_1007,500,5,8531.11,3,3,4,334
user_1008,438,5,16284.039999999999,2,3,2,232
user_1009,401,7,15101.15,1,1,3,113
user_101,531,6,21981.07,4,2,2,422
user_1010,561,3,32878.46,4,4,1,441
user_1011,669,3,15268.88,4,4,3,443
user_1012,463,6,27657.05,3,2,2,322
user_1013,419,6,8242.02,1,2,4,124
user_1014,412,6,21871.480000000003,1,2,2,122
user_1015,444,8,25965.800000000003,2,1,2,212
user_1016,491,5,41275.75,3,3,1,331
user_1017,424,11,137703.96,2,1,1,211
user_1018,405,3,13786.43,1,4,3,143
user_1019,467,3,11948.900000000001,3,4,3,343
user_102,560,3,20885.34,4,4,2,442
user_1020,451,6,22405.239999999998,2,2,2,222
user_1021,430,6,36035.31,2,2,1,221
user_1022,538,4,8556.65,4,3,4,434
user_1023,517,2,11126.1,3,4,3,343
user_1024,576,3,8250.71,4,4,4,444
user_1025,441,8,99522.73000000001,2,1,1,211
user_1026,425,3,101520.91,2,4,1,241
user_1027,427,4,16145.349999999999,2,3,3,233
user_1028,536,2,7599.47,4,4,4,444
user_1029,415,5,140235.68,1,3,1,131
user_103,785,3,15290.16,4,4,3,443
user_1030,437,3,10997.41,2,4,3,243
user_1031,533,6,13489.24,4,2,3,423
user_1032,449,8,22251.25,2,1,2,212
user_1033,635,3,10222.98,4,4,3,443
user_1034,411,8,28251.059999999998,1,1,2,112
user_1035,796,1,2140.33,4,4,4,444
user_1036,479,9,22992.54,3,1,2,312
user_1037,445,8,24314.16,2,1,2,212
user_1038,457,6,16695.31,2,2,2,222
user_1039,487,4,12830.130000000001,3,3,3,333
user_104,498,7,35185.1,3,1,1,311
user_1040,456,6,18704.55,2,2,2,222
user_1041,520,6,25627.579999999998,3,2,2,322
user_1042,414,5,15739.909999999998,1,3,3,133
user_1043,551,4,6072.02,4,3,4,434
user_1044,423,8,24594.79,2,1,2,212
user_1045,419,2,6919.59,1,4,4,144
user_1046,457,7,29000.669999999995,2,1,2,212
user_1047,443,3,13121.14,2,4,3,243
user_1048,802,1,62745.55,4,4,1,441
user_1049,408,9,14838.91,1,1,3,113
user_105,408,5,42383.86,1,3,1,131
user_1050,466,5,9429.300000000001,3,3,4,334
user_1051,618,3,9892.16,4,4,3,443
user_1052,433,4,11675.349999999999,2,3,3,233
user_1053,453,3,5233.13,2,4,4,244
user_1054,584,4,9869.880000000001,4,3,3,433
user_1055,572,3,80872.81999999999,4,4,1,441
user_1056,723,1,1492.34,4,4,4,444
user_1057,486,4,9256.21,3,3,4,334
user_1059,451,6,16987.78,2,2,2,222
user_106,594,6,113413.07000000002,4,2,1,421
user_1060,814,1,854.93,4,4,4,444
user_1061,519,3,8732.57,3,4,4,344
user_1062,464,3,71961.6,3,4,1,341
user_1063,404,12,130240.45000000001,1,1,1,111
user_1064,417,4,14791.86,1,3,3,133
user_1065,407,5,50395.57,1,3,1,131
user_1066,400,6,16464.6,1,2,2,122
user_1067,521,4,7715.57,3,3,4,334
user_1068,567,8,34443.58,4,1,1,411
user_1069,702,3,14268.939999999999,4,4,3,443
user_107,421,3,5065.0599999999995,1,4,4,144
user_1070,422,5,18542.29,2,3,2,232
user_1071,450,7,102244.60999999999,2,1,1,211
user_1072,603,4,14069.5,4,3,3,433
user_1073,496,7,14737.880000000001,3,1,3,313
user_1074,422,4,10768.6,2,3,3,233
user_1075,485,4,94278.37,3,3,1,331
user_1077,437,7,42932.38,2,1,1,211
user_1078,422,5,12601.380000000001,2,3,3,233
user_1079,832,1,529.56,4,4,4,444
user_108,414,5,11429.68,1,3,3,133
user_1080,454,4,15467.25,2,3,3,233
user_1081,581,2,2006.96,4,4,4,444
user_1082,414,6,17667.989999999998,1,2,2,122
user_1083,412,10,47763.79000000001,1,1,1,111
user_1084,406,5,18639.129999999997,1,3,2,132
user_1086,539,3,14574.660000000002,4,4,3,443
user_1087,451,7,93548.36,2,1,1,211
user_1088,415,3,11647.5,1,4,3,143
user_1089,431,9,33163.630000000005,2,1,1,211
user_109,443,8,25676.35,2,1,2,212
user_1090,431,6,137202.81,2,2,1,221
user_1091,611,2,5549.64,4,4,4,444
user_1092,637,5,14048.93,4,3,3,433
user_1093,406,10,176186.02,1,1,1,111
user_1094,583,6,38049.840000000004,4,2,1,421
user_1095,423,4,63013.96,2,3,1,231
user_1096,446,4,11252.010000000002,2,3,3,233
user_1097,454,10,30940.34,2,1,1,211
user_1098,469,4,14305.57,3,3,3,333
user_1099,652,10,29046.690000000002,4,1,2,412
user_11,480,5,15636.33,3,3,3,333
user_110,466,2,10231.34,3,4,3,343
user_1100,446,5,23696.19,2,3,2,232
user_1101,478,2,6244.959999999999,3,4,4,344
user_1102,499,4,28190.97,3,3,2,332
user_1103,413,7,22263.170000000002,1,1,2,112
user_1104,796,1,2467.73,4,4,4,444
user_1105,465,7,18479.350000000002,3,1,2,312
user_1106,401,7,24839.57,1,1,2,112
user_1107,433,2,5806.59,2,4,4,244
user_1108,480,11,31692.7,3,1,1,311
user_1109,441,5,102622.8,2,3,1,231
user_111,403,10,87750.97000000002,1,1,1,111
user_1110,412,7,19213.52,1,1,2,112
user_1111,519,4,13357.619999999999,3,3,3,333
user_1112,512,6,12899.429999999998,3,2,3,323
user_1113,468,5,44487.61,3,3,1,331
user_1114,417,6,130256.7,1,2,1,121
user_1115,556,3,55112.64000000001,4,4,1,441
user_1116,499,3,67160.22,3,4,1,341
user_1117,398,6,12952.73,1,2,3,123
user_1118,562,4,8889.25,4,3,4,434
user_1119,456,4,17370.93,2,3,2,232
user_112,414,4,7126.1,1,3,4,134
user_1120,426,6,80344.18000000001,2,2,1,221
user_1121,430,7,19729.640000000003,2,1,2,212
user_1122,524,5,10548.5,4,3,3,433
user_1123,476,10,35014.62,3,1,1,311
user_1124,575,5,25717.71,4,3,2,432
user_1125,638,5,85813.98000000001,4,3,1,431
user_1126,497,8,16024.56,3,1,3,313
user_1127,399,5,101512.1,1,3,1,131
user_1128,416,7,18763.11,1,1,2,112
user_1129,568,2,4313.21,4,4,4,444
user_113,434,9,22633.840000000004,2,1,2,212
user_1130,605,6,28140.000000000004,4,2,2,422
user_1131,461,5,18069.879999999997,3,3,2,332
user_1132,491,5,71813.76999999999,3,3,1,331
user_1133,426,7,29422.37,2,1,1,211
user_1134,491,3,2412.52,3,4,4,344
user_1135,440,7,117175.08,2,1,1,211
user_1136,426,9,18193.799999999996,2,1,2,212
user_1137,417,9,120150.53,1,1,1,111
user_1138,468,4,26582.800000000003,3,3,2,332
user_1139,427,4,9292.62,2,3,4,234
user_114,494,6,13987.590000000002,3,2,3,323
user_1140,403,2,3348.6,1,4,4,144
user_1141,420,9,96121.39,1,1,1,111
user_1142,503,10,27037.229999999996,3,1,2,312
user_1143,453,5,16511.32,2,3,2,232
user_1144,457,9,28232.47,2,1,2,212
user_1145,412,4,96361.56999999999,1,3,1,131
user_1146,440,3,9855.77,2,4,3,243
user_1147,403,2,3717.0199999999995,1,4,4,144
user_1148,404,7,33236.0,1,1,1,111
user_1149,455,3,6417.030000000001,2,4,4,244
user_115,672,3,64159.6,4,4,1,441
user_1150,479,5,25350.47,3,3,2,332
user_1151,573,8,41696.96,4,1,1,411
user_1152,485,8,26782.18,3,1,2,312
user_1153,408,8,23672.42,1,1,2,112
user_1154,404,9,30160.48,1,1,1,111
user_1155,411,5,18481.82,1,3,2,132
user_1156,488,7,12533.28,3,1,3,313
user_1157,425,3,7244.83,2,4,4,244
user_1158,404,5,154731.37,1,3,1,131
user_1159,469,3,6233.88,3,4,4,344
user_116,425,8,18813.79,2,1,2,212
user_1160,473,3,11331.64,3,4,3,343
user_1161,554,5,7955.95,4,3,4,434
user_1162,689,2,5085.46,4,4,4,444
user_1163,496,3,6881.860000000001,3,4,4,344
user_1164,801,3,3113.96,4,4,4,444
user_1165,401,7,24448.71,1,1,2,112
user_1166,461,2,15703.6,3,4,3,343
user_1167,470,4,14492.1,3,3,3,333
user_1168,404,7,15111.97,1,1,3,113
user_1169,463,6,23104.8,3,2,2,322
user_117,409,4,15622.14,1,3,3,133
user_1170,480,5,18430.08,3,3,2,332
user_1171,402,8,81842.94,1,1,1,111
user_1172,470,4,20624.52,3,3,2,332
user_1173,519,4,23032.17,3,3,2,332
user_1174,466,3,6152.67,3,4,4,344
user_1175,404,3,9509.130000000001,1,4,3,143
user_1176,454,2,3833.33,2,4,4,244
user_1177,453,4,44905.72,2,3,1,231
user_1178,458,9,20332.77,2,1,2,212
user_1179,541,6,73230.67,4,2,1,421
user_118,402,6,58417.17,1,2,1,121
user_1180,420,8,79860.39000000001,1,1,1,111
user_1181,422,5,15410.02,2,3,3,233
user_1182,435,4,16666.13,2,3,2,232
user_1183,416,4,11830.8,1,3,3,133
user_1184,733,4,13323.369999999999,4,3,3,433
user_1185,403,12,45419.689999999995,1,1,1,111
user_1186,506,4,19020.33,3,3,2,332
user_1187,612,6,25214.879999999997,4,2,2,422
user_1188,419,8,16309.27,1,1,2,112
user_1189,476,4,11033.67,3,3,3,333
user_119,428,4,13657.150000000001,2,3,3,233
user_1190,549,5,157644.86,4,3,1,431
user_1191,421,3,6191.15,1,4,4,144
user_1192,409,9,106068.52999999998,1,1,1,111
user_1193,597,3,7587.120000000001,4,4,4,444
user_1194,567,2,59946.159999999996,4,4,1,441
user_1195,411,4,12586.59,1,3,3,133
user_1196,451,6,9808.98,2,2,3,223
user_1197,605,4,102954.03,4,3,1,431
user_1198,405,1,582.68,1,4,4,144
user_1199,401,5,8813.25,1,3,4,134
user_12,487,9,58282.8,3,1,1,311
user_120,707,2,11213.39,4,4,3,443
user_1200,510,3,4429.29,3,4,4,344
user_1201,405,4,6490.66,1,3,4,134
user_1202,497,8,128038.43,3,1,1,311
user_1203,632,3,4733.58,4,4,4,444
user_1204,454,8,20311.04,2,1,2,212
user_1205,485,5,18025.26,3,3,2,332
user_1206,435,10,39209.51,2,1,1,211
user_1207,474,5,21148.39,3,3,2,332
user_1208,545,5,13495.65,4,3,3,433
user_1209,541,4,12418.900000000001,4,3,3,433
user_121,542,2,12055.79,4,4,3,443
user_1210,578,5,13193.49,4,3,3,433
user_1211,579,3,13905.839999999998,4,4,3,443
user_1212,632,6,13742.529999999999,4,2,3,423
user_1213,710,5,13308.339999999998,4,3,3,433
user_1214,516,7,18265.12,3,1,2,312
user_1215,409,7,94440.9,1,1,1,111
user_1216,429,5,13764.45,2,3,3,233
user_1217,424,4,9208.380000000001,2,3,4,234
user_1218,517,4,16435.71,3,3,2,332
user_1219,405,7,26202.34,1,1,2,112
user_122,447,8,113550.86,2,1,1,211
user_1220,482,6,114546.15,3,2,1,321
user_1221,643,2,54996.07,4,4,1,441
user_1222,497,3,12828.380000000001,3,4,3,343
user_1223,586,3,74303.48999999999,4,4,1,441
user_1224,644,5,19679.64,4,3,2,432
user_1225,437,7,24623.940000000002,2,1,2,212
user_1226,501,4,23796.94,3,3,2,332
user_1227,469,3,16336.699999999999,3,4,2,342
user_1228,445,6,21638.77,2,2,2,222
user_1229,492,5,12393.83,3,3,3,333
user_123,429,5,22214.780000000002,2,3,2,232
user_1230,430,6,11593.76,2,2,3,223
user_1231,406,10,25236.41,1,1,2,112
user_1232,547,3,9168.74,4,4,4,444
user_1233,553,6,19659.950000000004,4,2,2,422
user_1234,425,4,6582.86,2,3,4,234
user_1235,437,5,17833.52,2,3,2,232
user_1236,521,3,13756.26,3,4,3,343
user_1237,429,5,9129.75,2,3,4,234
user_1238,616,4,7188.2300000000005,4,3,4,434
user_1239,440,6,26422.75,2,2,2,222
user_124,405,5,48502.86,1,3,1,131
user_1240,445,4,7894.04,2,3,4,234
user_1241,502,5,19281.63,3,3,2,332
user_1242,414,8,16267.45,1,1,2,112
user_1243,450,1,3205.24,2,4,4,244
user_1244,405,9,176613.97999999998,1,1,1,111
user_1245,526,3,8569.61,4,4,4,444
user_1246,589,7,17475.15,4,1,2,412
user_1247,412,10,60640.64,1,1,1,111
user_1248,570,3,7744.79,4,4,4,444
user_1249,450,7,84785.51,2,1,1,211
user_125,614,7,14322.94,4,1,3,413
user_1250,441,7,105176.95,2,1,1,211
user_1251,447,5,18718.489999999998,2,3,2,232
user_1252,420,5,96326.85,1,3,1,131
user_1253,453,10,28611.89,2,1,2,212
user_1254,557,4,14546.78,4,3,3,433
user_1255,502,5,19011.61,3,3,2,332
user_1256,537,4,8487.34,4,3,4,434
user_1257,405,11,43765.12,1,1,1,111
user_1258,418,4,8350.66,1,3,4,134
user_1259,512,4,9967.32,3,3,3,333
user_126,439,7,15192.05,2,1,3,213
user_1260,515,3,28983.260000000002,3,4,2,342
user_1261,523,10,111977.32999999999,4,1,1,411
user_1262,547,1,740.98,4,4,4,444
user_1263,400,7,26721.34,1,1,2,112
user_1264,609,2,9337.810000000001,4,4,4,444
user_1265,406,4,14977.98,1,3,3,133
user_1266,645,4,11676.43,4,3,3,433
user_1267,477,3,5472.570000000001,3,4,4,344
user_1268,594,3,11230.910000000002,4,4,3,443
user_1269,657,2,6956.860000000001,4,4,4,444
user_127,440,3,79096.68,2,4,1,241
user_1270,476,7,20213.829999999998,3,1,2,312
user_1271,576,7,29350.39,4,1,1,411
user_1272,477,6,15050.400000000001,3,2,3,323
user_1273,708,2,6235.820000000001,4,4,4,444
user_1274,519,3,11110.869999999999,3,4,3,343
user_1275,518,6,17310.38,3,2,2,322
user_1276,558,5,83068.60999999999,4,3,1,431
user_1277,400,6,15057.669999999998,1,2,3,123
user_1278,417,6,14928.349999999999,1,2,3,123
user_1279,520,3,25075.79,3,4,2,342
user_128,421,5,52152.490000000005,1,3,1,131
user_1280,567,7,14896.04,4,1,3,413
user_1281,454,3,4930.539999999999,2,4,4,244
user_1282,413,2,3807.76,1,4,4,144
user_1283,528,3,9548.78,4,4,3,443
user_1284,410,9,95600.91,1,1,1,111
user_1285,439,5,13737.49,2,3,3,233
user_1286,415,2,45618.530000000006,1,4,1,141
user_1287,527,3,168370.46,4,4,1,441
user_1288,504,6,21214.539999999997,3,2,2,322
user_1289,458,4,87635.9,2,3,1,231
user_129,400,8,44794.59,1,1,1,111
user_1290,648,4,15483.880000000001,4,3,3,433
user_1291,406,4,12305.289999999999,1,3,3,133
user_1292,410,10,50156.93,1,1,1,111
user_1293,631,5,57098.28,4,3,1,431
user_1294,414,4,10142.86,1,3,3,133
user_1295,419,8,19068.54,1,1,2,112
user_1296,579,2,1877.96,4,4,4,444
user_1297,401,10,19093.8,1,1,2,112
user_1298,407,3,12673.060000000001,1,4,3,143
user_1299,434,3,6334.889999999999,2,4,4,244
user_13,548,6,24596.61,4,2,2,422
user_130,547,8,19954.54,4,1,2,412
user_1300,541,5,7382.01,4,3,4,434
user_1301,415,5,50754.77,1,3,1,131
user_1302,467,7,73432.18,3,1,1,311
user_1303,401,5,6376.7300000000005,1,3,4,134
user_1304,480,4,16628.57,3,3,2,332
user_1305,605,3,3919.6800000000003,4,4,4,444
user_1306,630,5,11256.83,4,3,3,433
user_1307,407,10,23838.230000000003,1,1,2,112
user_1308,568,5,133000.82,4,3,1,431
user_1309,411,5,17502.21,1,3,2,132
user_131,487,5,15784.23,3,3,3,333
user_1310,446,3,7818.97,2,4,4,244
user_1311,430,5,6604.719999999999,2,3,4,234
user_1312,407,8,21803.579999999998,1,1,2,112
user_1313,418,8,28179.37,1,1,2,112
user_1314,476,4,19668.49,3,3,2,332
user_1315,592,3,3696.0599999999995,4,4,4,444
user_1316,428,4,11454.4,2,3,3,233
user_1317,514,6,21700.12,3,2,2,322
user_1318,440,8,12520.720000000001,2,1,3,213
user_1319,477,3,5349.18,3,4,4,344
user_132,417,5,14780.31,1,3,3,133
user_1320,429,7,17174.5,2,1,2,212
user_1321,442,2,63470.12,2,4,1,241
user_1322,514,6,10655.76,3,2,3,323
user_1323,654,1,5197.16,4,4,4,444
user_1324,444,3,10993.43,2,4,3,243
user_1325,492,7,16977.11,3,1,2,312
user_1326,404,8,24686.379999999997,1,1,2,112
user_1327,461,9,26874.269999999997,3,1,2,312
user_1328,577,7,17708.159999999996,4,1,2,412
user_1329,413,3,13631.84,1,4,3,143
user_133,409,3,6823.32,1,4,4,144
user_1330,706,5,19723.449999999997,4,3,2,432
user_1332,568,3,17375.91,4,4,2,442
user_1333,419,7,114643.56999999999,1,1,1,111
user_1334,423,4,7836.8099999999995,2,3,4,234
user_1335,555,3,5573.31,4,4,4,444
user_1336,456,3,13246.52,2,4,3,243
user_1337,470,6,64351.02,3,2,1,321
user_1338,484,9,82145.71,3,1,1,311
user_1339,431,4,12394.329999999998,2,3,3,233
user_134,400,6,45075.92,1,2,1,121
user_1340,530,5,16667.81,4,3,2,432
user_1341,407,5,40506.72,1,3,1,131
user_1342,415,9,22604.320000000003,1,1,2,112
user_1343,583,5,7386.89,4,3,4,434
user_1344,468,6,14128.01,3,2,3,323
user_1345,697,1,11696.5,4,4,3,443
user_1346,544,3,2683.81,4,4,4,444
user_1347,424,5,21995.350000000002,2,3,2,232
user_1348,599,6,74540.26,4,2,1,421
user_1349,506,4,13581.24,3,3,3,333
user_135,420,4,19708.019999999997,1,3,2,132
user_1350,501,6,48116.99,3,2,1,321
user_1351,425,8,49065.119999999995,2,1,1,211
user_1352,757,2,7974.12,4,4,4,444
user_1353,780,3,5533.450000000001,4,4,4,444
user_1354,473,5,20157.68,3,3,2,332
user_1355,415,6,133429.52000000002,1,2,1,121
user_1356,412,4,79412.34,1,3,1,131
user_1357,425,4,5982.14,2,3,4,234
user_1358,445,5,6589.659999999999,2,3,4,234
user_1359,426,7,13526.490000000002,2,1,3,213
user_136,479,2,12494.05,3,4,3,343
user_1360,493,4,14027.060000000001,3,3,3,333
user_1361,425,6,25998.739999999998,2,2,2,222
user_1362,414,4,6445.52,1,3,4,134
user_1363,522,4,34046.12,3,3,1,331
user_1364,405,6,11593.039999999999,1,2,3,123
user_1365,445,4,14501.56,2,3,3,233
user_1366,542,5,10272.93,4,3,3,433
user_1367,523,7,24342.08,4,1,2,412
user_1368,532,8,88940.31,4,1,1,411
user_1369,527,6,16302.14,4,2,2,422
user_137,408,9,21744.07,1,1,2,112
user_1370,414,4,111957.27,1,3,1,131
user_1371,522,2,5972.54,3,4,4,344
user_1372,533,5,24537.13,4,3,2,432
user_1373,453,9,48138.82,2,1,1,211
user_1374,460,5,96026.72,2,3,1,231
user_1375,738,1,4303.85,4,4,4,444
user_1376,417,7,21739.1,1,1,2,112
user_1377,670,2,2543.8599999999997,4,4,4,444
user_1378,669,6,14502.74,4,2,3,423
user_1379,428,11,77302.87,2,1,1,211
user_138,421,5,20213.89,1,3,2,132
user_1380,500,5,9519.01,3,3,3,333
user_1381,485,5,9737.800000000001,3,3,3,333
user_1382,452,4,44590.32,2,3,1,231
user_1383,466,6,70697.98,3,2,1,321
user_1384,466,4,9311.44,3,3,4,334
user_1385,455,7,18813.170000000002,2,1,2,212
user_1386,434,2,2791.29,2,4,4,244
user_1387,545,2,1930.5900000000001,4,4,4,444
user_1388,424,10,156071.44,2,1,1,211
user_1389,492,3,4283.15,3,4,4,344
user_139,410,7,96027.26000000001,1,1,1,111
user_1390,465,4,16484.23,3,3,2,332
user_1391,461,8,16896.92,3,1,2,312
user_1392,535,4,9104.46,4,3,4,434
user_1393,404,8,23901.670000000002,1,1,2,112
user_1394,719,3,101777.14,4,4,1,441
user_1395,399,6,17099.97,1,2,2,122
user_1396,479,2,12244.78,3,4,3,343
user_1397,599,4,11671.45,4,3,3,433
user_1398,576,4,7050.0,4,3,4,434
user_1399,441,6,15803.86,2,2,3,223
user_14,455,4,6870.65,2,3,4,234
user_140,417,5,12034.050000000001,1,3,3,133
user_1400,408,7,36272.93,1,1,1,111
user_1401,538,5,16983.15,4,3,2,432
user_1402,463,7,12915.310000000001,3,1,3,313
user_1403,556,3,97787.51,4,4,1,441
user_1404,446,8,15238.369999999999,2,1,3,213
user_1405,457,6,16809.42,2,2,2,222
user_1406,421,8,83504.65999999999,1,1,1,111
user_1407,502,1,868.22,3,4,4,344
user_1408,522,3,57366.64,3,4,1,341
user_1409,646,5,62192.89,4,3,1,431
user_141,433,7,173552.33000000002,2,1,1,211
user_1410,406,6,12799.71,1,2,3,123
user_1411,529,6,98041.72,4,2,1,421
user_1412,438,6,102491.18000000001,2,2,1,221
user_1413,469,2,3325.36,3,4,4,344
user_1414,430,7,22190.43,2,1,2,212
user_1415,445,4,13735.369999999999,2,3,3,233
user_1416,436,6,98226.00000000001,2,2,1,221
user_1417,481,5,10564.800000000001,3,3,3,333
user_1418,512,4,5442.47,3,3,4,334
user_1419,454,3,13006.38,2,4,3,243
user_142,463,3,97808.90999999999,3,4,1,341
user_1420,461,1,830.28,3,4,4,344
user_1421,582,3,12324.2,4,4,3,443
user_1423,410,4,30849.969999999998,1,3,1,131
user_1424,430,6,19106.87,2,2,2,222
user_1425,454,9,103120.74,2,1,1,211
user_1426,438,3,5205.3099999999995,2,4,4,244
user_1427,561,4,113154.16,4,3,1,431
user_1428,704,3,9483.07,4,4,4,444
user_1429,430,4,13075.210000000001,2,3,3,233
user_143,546,8,73601.67,4,1,1,411
user_1430,637,2,3241.51,4,4,4,444
user_1431,430,5,106144.53,2,3,1,231
user_1432,501,5,12152.140000000001,3,3,3,333
user_1433,768,4,7130.74,4,3,4,434
user_1434,601,4,4553.05,4,3,4,434
user_1435,762,5,49288.53,4,3,1,431
user_1436,545,5,17004.75,4,3,2,432
user_1437,491,3,38679.46,3,4,1,341
user_1438,408,6,13238.5,1,2,3,123
user_1439,404,4,21053.97,1,3,2,132
user_144,404,7,18211.78,1,1,2,112
user_1440,418,5,14619.74,1,3,3,133
user_1441,574,4,66984.58,4,3,1,431
user_1442,416,4,16062.099999999999,1,3,3,133
user_1443,458,5,13901.569999999998,2,3,3,233
user_1444,557,6,39990.0,4,2,1,421
user_1445,433,4,14469.49,2,3,3,233
user_1446,421,7,19570.83,1,1,2,112
user_1447,497,3,9578.210000000001,3,4,3,343
user_1448,458,8,106788.8,2,1,1,211
user_1449,409,3,7444.460000000001,1,4,4,144
user_145,428,3,12715.539999999999,2,4,3,243
user_1450,400,8,82696.33,1,1,1,111
user_1451,521,6,13127.83,3,2,3,323
user_1452,409,6,13287.86,1,2,3,123
user_1453,551,4,103940.67,4,3,1,431
user_1454,506,2,9805.38,3,4,3,343
user_1455,437,5,17519.59,2,3,2,232
user_1456,444,5,7294.589999999999,2,3,4,234
user_1457,473,5,7116.360000000001,3,3,4,334
user_1458,481,4,9975.25,3,3,3,333
user_1459,464,7,22104.77,3,1,2,312
user_146,566,6,23227.850000000002,4,2,2,422
user_1460,414,8,82411.08,1,1,1,111
user_1461,434,7,22527.519999999997,2,1,2,212
user_1462,401,8,32159.859999999997,1,1,1,111
user_1463,456,12,62267.24,2,1,1,211
user_1464,476,7,21520.429999999997,3,1,2,312
user_1465,408,10,22411.76,1,1,2,112
user_1466,406,4,9284.87,1,3,4,134
user_1467,424,8,21232.84,2,1,2,212
user_1468,497,3,5502.85,3,4,4,344
user_1469,478,5,10737.390000000001,3,3,3,333
user_147,511,5,18768.19,3,3,2,332
user_1470,425,7,28254.769999999997,2,1,2,212
user_1471,623,2,5114.77,4,4,4,444
user_1472,514,4,10020.79,3,3,3,333
user_1473,461,4,13495.2,3,3,3,333
user_1474,467,9,30761.789999999997,3,1,1,311
user_1475,483,7,9830.83,3,1,3,313
user_1476,421,7,193053.18999999997,1,1,1,111
user_1477,410,4,11628.8,1,3,3,133
user_1478,475,3,29654.23,3,4,1,341
user_1479,548,6,60074.479999999996,4,2,1,421
user_148,492,7,102706.24,3,1,1,311
user_1480,502,3,14298.79,3,4,3,343
user_1481,657,1,2650.16,4,4,4,444
user_1482,607,4,15007.04,4,3,3,433
user_1483,433,6,12362.43,2,2,3,223
user_1484,618,1,4432.34,4,4,4,444
user_1485,460,2,13114.86,2,4,3,243
user_1486,424,6,48067.590000000004,2,2,1,221
user_1487,593,5,16804.98,4,3,2,432
user_1488,788,1,2002.11,4,4,4,444
user_1489,469,2,5771.28,3,4,4,344
user_149,572,7,70774.94,4,1,1,411
user_1490,521,6,17917.35,3,2,2,322
user_1491,413,7,16230.24,1,1,3,113
user_1492,555,2,5992.11,4,4,4,444
user_1493,423,5,10622.43,2,3,3,233
user_1494,698,2,39716.689999999995,4,4,1,441
user_1495,400,5,18353.14,1,3,2,132
user_1496,467,3,90192.22,3,4,1,341
user_1497,520,4,9380.990000000002,3,3,4,334
user_1498,425,8,109598.56,2,1,1,211
user_1499,493,3,5381.860000000001,3,4,4,344
user_15,430,5,8996.02,2,3,4,234
user_150,654,2,4123.93,4,4,4,444
user_1500,595,5,96691.05,4,3,1,431
user_1501,405,9,80542.40999999999,1,1,1,111
user_1502,420,1,3208.24,1,4,4,144
user_1503,592,2,3197.58,4,4,4,444
user_1504,619,6,11358.91,4,2,3,423
user_1505,417,6,12375.09,1,2,3,123
user_1506,486,7,108059.77000000002,3,1,1,311
user_1507,565,5,10900.48,4,3,3,433
user_1508,718,3,8145.3,4,4,4,444
user_1509,464,5,22280.51,3,3,2,332
user_151,406,4,92537.93,1,3,1,131
user_1510,590,2,3622.96,4,4,4,444
user_1511,583,6,17668.34,4,2,2,422
user_1512,443,4,8655.529999999999,2,3,4,234
user_1513,481,5,13989.55,3,3,3,333
user_1514,405,7,53553.47,1,1,1,111
user_1515,415,6,46347.009999999995,1,2,1,121
user_1516,596,6,54043.66,4,2,1,421
user_1517,479,3,9331.82,3,4,4,344
user_1518,420,9,105445.36,1,1,1,111
user_1519,444,4,18170.98,2,3,2,232
user_152,405,5,15504.23,1,3,3,133
user_1520,460,5,15179.8,2,3,3,233
user_1521,480,6,21880.649999999998,3,2,2,322
user_1522,562,5,21560.440000000002,4,3,2,432
user_1523,475,6,11202.21,3,2,3,323
user_1524,398,7,92151.88999999998,1,1,1,111
user_1525,462,4,20543.33,3,3,2,332
user_1526,430,5,10889.09,2,3,3,233
user_1527,478,5,10796.76,3,3,3,333
user_1528,399,6,19555.100000000002,1,2,2,122
user_1529,419,5,21268.54,1,3,2,132
user_153,419,4,13095.07,1,3,3,133
user_1530,466,7,17825.379999999997,3,1,2,312
user_1531,475,5,17054.11,3,3,2,332
user_1532,513,5,16852.92,3,3,2,332
user_1533,404,5,19372.190000000002,1,3,2,132
user_1534,507,1,1499.63,3,4,4,344
user_1535,422,9,54048.74,2,1,1,211
user_1536,481,6,12853.36,3,2,3,323
user_1537,414,3,8883.2,1,4,4,144
user_1538,483,6,58038.19,3,2,1,321
user_1539,440,4,12210.59,2,3,3,233
user_154,487,10,19874.489999999998,3,1,2,312
user_1540,492,4,11163.419999999998,3,3,3,333
user_1541,419,8,22557.019999999997,1,1,2,112
user_1542,426,4,12171.539999999999,2,3,3,233
user_1543,566,6,15792.66,4,2,3,423
user_1544,462,5,14786.28,3,3,3,333
user_1545,412,2,7090.469999999999,1,4,4,144
user_1546,557,3,7030.92,4,4,4,444
user_1547,531,7,32768.03,4,1,1,411
user_1548,400,6,62325.659999999996,1,2,1,121
user_1549,484,6,11494.68,3,2,3,323
user_155,433,5,78957.79000000001,2,3,1,231
user_1550,441,9,42638.49,2,1,1,211
user_1551,541,4,9176.93,4,3,4,434
user_1552,570,7,19544.83,4,1,2,412
user_1553,411,6,25957.52,1,2,2,122
user_1554,464,7,28101.6,3,1,2,312
user_1555,575,3,5999.35,4,4,4,444
user_1556,429,5,14299.09,2,3,3,233
user_1557,401,5,14268.66,1,3,3,133
user_1558,409,3,6826.43,1,4,4,144
user_1559,429,2,11732.09,2,4,3,243
user_156,426,6,13660.9,2,2,3,223
user_1560,549,4,9818.61,4,3,3,433
user_1561,475,9,14519.119999999999,3,1,3,313
user_1562,479,5,20877.71,3,3,2,332
user_1563,411,4,8851.95,1,3,4,134
user_1564,482,6,14707.29,3,2,3,323
user_1565,457,5,30599.05,2,3,1,231
user_1566,465,6,18699.519999999997,3,2,2,322
user_1567,699,2,5008.12,4,4,4,444
user_1568,466,6,8499.31,3,2,4,324
user_1569,522,1,2167.68,3,4,4,344
user_157,412,5,21496.43,1,3,2,132
user_1570,620,1,642.35,4,4,4,444
user_1571,414,8,55415.98999999999,1,1,1,111
user_1572,430,6,107955.32999999999,2,2,1,221
user_1573,437,5,20167.550000000003,2,3,2,232
user_1574,414,9,23319.13,1,1,2,112
user_1575,489,8,153691.40999999997,3,1,1,311
user_1576,425,3,8514.89,2,4,4,244
user_1577,498,4,13579.460000000001,3,3,3,333
user_1578,421,8,88998.54,1,1,1,111
user_1579,568,3,6450.54,4,4,4,444
user_158,539,1,3941.88,4,4,4,444
user_1580,447,10,24540.27,2,1,2,212
user_1581,509,3,17132.61,3,4,2,342
user_1582,408,10,61474.37,1,1,1,111
user_1583,430,4,12700.330000000002,2,3,3,233
user_1584,416,4,18393.649999999998,1,3,2,132
user_1585,518,5,15950.600000000002,3,3,3,333
user_1586,561,7,20847.14,4,1,2,412
user_1587,440,6,19544.55,2,2,2,222
user_1588,430,5,24095.989999999998,2,3,2,232
user_1589,553,4,14370.8,4,3,3,433
user_159,520,5,85656.56000000001,3,3,1,331
user_1590,468,6,11207.07,3,2,3,323
user_1591,499,8,17897.84,3,1,2,312
user_1592,531,6,23236.129999999997,4,2,2,422
user_1593,534,3,3988.61,4,4,4,444
user_1594,635,3,6793.5199999999995,4,4,4,444
user_1595,431,9,28520.87,2,1,2,212
user_1596,688,5,15991.66,4,3,3,433
user_1597,440,9,119165.28,2,1,1,211
user_1598,405,8,112204.98000000001,1,1,1,111
user_1599,432,6,85872.85999999999,2,2,1,221
user_16,490,2,9934.99,3,4,3,343
user_160,426,6,15223.360000000002,2,2,3,223
user_1600,399,4,19189.25,1,3,2,132
user_1601,425,3,8224.91,2,4,4,244
user_1602,745,3,9357.96,4,4,4,444
user_1603,437,3,4511.5599999999995,2,4,4,244
user_1604,501,7,20852.36,3,1,2,312
user_1605,583,2,8879.79,4,4,4,444
user_1606,535,7,128074.92,4,1,1,411
user_1607,606,2,6360.42,4,4,4,444
user_1608,493,7,20162.280000000002,3,1,2,312
user_1609,670,1,2674.5,4,4,4,444
user_161,417,5,55842.380000000005,1,3,1,131
user_1610,439,6,15589.669999999998,2,2,3,223
user_1611,409,5,17712.27,1,3,2,132
user_1612,466,3,8834.62,3,4,4,344
user_1613,628,3,69150.79000000001,4,4,1,441
user_1614,541,3,7479.34,4,4,4,444
user_1615,483,5,6443.639999999999,3,3,4,334
user_1616,490,3,10668.710000000001,3,4,3,343
user_1617,803,1,940.25,4,4,4,444
user_1618,527,3,10313.880000000001,4,4,3,443
user_1619,765,1,1714.77,4,4,4,444
user_162,436,8,27529.86,2,1,2,212
user_1620,417,7,73179.39000000001,1,1,1,111
user_1621,460,3,8046.13,2,4,4,244
user_1622,515,3,5984.780000000001,3,4,4,344
user_1623,413,6,11383.72,1,2,3,123
user_1624,466,1,3260.56,3,4,4,344
user_1625,422,9,32707.34,2,1,1,211
user_1626,486,8,105004.0,3,1,1,311
user_1627,409,3,4242.51,1,4,4,144
user_1628,436,6,22971.02,2,2,2,222
user_1629,454,5,106992.22,2,3,1,231
user_163,458,4,10657.55,2,3,3,233
user_1630,477,8,21873.39,3,1,2,312
user_1631,421,8,85961.11,1,1,1,111
user_1632,632,4,8509.58,4,3,4,434
user_1633,419,5,37732.56,1,3,1,131
user_1634,533,7,55544.1,4,1,1,411
user_1635,610,6,23461.870000000003,4,2,2,422
user_1636,398,8,22296.190000000002,1,1,2,112
user_1637,405,8,11750.61,1,1,3,113
user_1638,480,3,10201.220000000001,3,4,3,343
user_1639,553,4,105058.37,4,3,1,431
user_164,414,5,17567.7,1,3,2,132
user_1640,501,5,13515.509999999998,3,3,3,333
user_1641,555,4,24224.559999999998,4,3,2,432
user_1642,600,5,44460.71,4,3,1,431
user_1643,406,6,93605.29,1,2,1,121
user_1644,491,4,5369.380000000001,3,3,4,334
user_1645,457,5,15710.359999999999,2,3,3,233
user_1646,444,7,14857.69,2,1,3,213
user_1647,496,6,24144.84,3,2,2,322
user_1648,424,3,11610.25,2,4,3,243
user_1649,427,5,8544.98,2,3,4,234
user_165,407,6,10622.689999999999,1,2,3,123
user_1650,399,6,24904.92,1,2,2,122
user_1651,491,1,12278.22,3,4,3,343
user_1652,574,5,67743.38,4,3,1,431
user_1653,418,4,14955.380000000001,1,3,3,133
user_1654,423,7,17943.250000000004,2,1,2,212
user_1655,423,7,16854.46,2,1,2,212
user_1656,488,2,7432.68,3,4,4,344
user_1657,688,3,4477.36,4,4,4,444
user_1658,439,5,18253.870000000003,2,3,2,232
user_1659,777,3,9178.05,4,4,4,444
user_166,410,7,9703.13,1,1,3,113
user_1660,413,3,15287.51,1,4,3,143
user_1661,464,4,8671.7,3,3,4,334
user_1662,467,9,30591.090000000004,3,1,1,311
user_1663,538,2,3018.02,4,4,4,444
user_1664,422,3,8725.97,2,4,4,244
user_1665,540,4,11582.119999999999,4,3,3,433
user_1666,407,4,8073.48,1,3,4,134
user_1667,455,4,8269.77,2,3,4,234
user_1668,402,3,96930.66,1,4,1,141
user_1669,420,8,36182.479999999996,1,1,1,111
user_167,427,3,5492.64,2,4,4,244
user_1670,428,4,66536.03,2,3,1,231
user_1671,841,1,965.65,4,4,4,444
user_1672,422,9,22058.210000000003,2,1,2,212
user_1673,535,2,2545.2799999999997,4,4,4,444
user_1674,530,7,19241.379999999997,4,1,2,412
user_1675,419,6,17495.489999999998,1,2,2,122
user_1676,491,4,91683.25,3,3,1,331
user_1677,410,5,17487.32,1,3,2,132
user_1678,445,5,11011.31,2,3,3,233
user_1679,441,8,16406.92,2,1,2,212
user_168,603,2,2075.25,4,4,4,444
user_1680,611,4,19162.960000000003,4,3,2,432
user_1681,451,5,14696.740000000002,2,3,3,233
user_1682,401,10,27970.079999999994,1,1,2,112
user_1683,429,10,26648.170000000002,2,1,2,212
user_1684,476,9,20498.04,3,1,2,312
user_1685,516,3,6255.36,3,4,4,344
user_1686,491,4,12569.64,3,3,3,333
user_1687,457,7,7887.499999999999,2,1,4,214
user_1688,431,11,38186.74,2,1,1,211
user_1689,399,6,68630.12,1,2,1,121
user_169,514,2,1820.42,3,4,4,344
user_1690,401,8,99405.94,1,1,1,111
user_1691,398,3,12835.970000000001,1,4,3,143
user_1692,650,2,12228.81,4,4,3,443
user_1693,568,6,13455.16,4,2,3,423
user_1694,421,10,173607.55,1,1,1,111
user_1695,624,1,1440.52,4,4,4,444
user_1696,468,6,34962.94,3,2,1,321
user_1697,438,6,13510.259999999998,2,2,3,223
user_1698,588,2,4339.32,4,4,4,444
user_1699,413,9,101757.81,1,1,1,111
user_17,441,7,21465.760000000002,2,1,2,212
user_170,399,6,89207.26999999999,1,2,1,121
user_1700,437,9,27921.050000000003,2,1,2,212
user_1701,435,6,21783.37,2,2,2,222
user_1702,491,5,89911.25000000001,3,3,1,331
user_1703,534,5,16370.03,4,3,2,432
user_1704,615,2,3321.8,4,4,4,444
user_1705,437,6,21741.65,2,2,2,222
user_1706,685,5,96423.88,4,3,1,431
user_1707,433,5,9835.98,2,3,3,233
user_1708,421,3,4971.11,1,4,4,144
user_1709,423,7,16239.99,2,1,3,213
user_171,451,9,83582.5,2,1,1,211
user_1710,523,5,15416.860000000002,4,3,3,433
user_1711,415,8,31611.969999999998,1,1,1,111
user_1712,441,5,87866.36,2,3,1,231
user_1713,425,6,16419.32,2,2,2,222
user_1714,505,2,6744.59,3,4,4,344
user_1715,433,7,30252.12,2,1,1,211
user_1716,438,6,53329.77999999999,2,2,1,221
user_1717,442,11,62354.420000000006,2,1,1,211
user_1718,424,5,31614.530000000002,2,3,1,231
user_1719,459,2,3429.33,2,4,4,244
user_172,422,4,25080.03,2,3,2,232
user_1720,437,7,21182.67,2,1,2,212
user_1721,452,2,6784.86,2,4,4,244
user_1722,473,3,7835.52,3,4,4,344
user_1723,413,8,42116.479999999996,1,1,1,111
user_1724,479,6,39095.22,3,2,1,321
user_1725,416,7,23401.480000000003,1,1,2,112
user_1726,537,5,22474.83,4,3,2,432
user_1727,495,2,6129.73,3,4,4,344
user_1728,428,8,59107.869999999995,2,1,1,211
user_1729,597,1,4152.44,4,4,4,444
user_173,502,7,26656.580000000005,3,1,2,312
user_1730,655,1,1902.17,4,4,4,444
user_1731,509,3,2867.31,3,4,4,344
user_1732,452,6,9735.35,2,2,3,223
user_1733,559,3,16411.42,4,4,2,442
user_1734,479,3,2735.75,3,4,4,344
user_1735,736,3,6694.11,4,4,4,444
user_1736,508,6,18063.87,3,2,2,322
user_1737,556,4,9372.09,4,3,4,434
user_1738,763,1,589.42,4,4,4,444
user_1739,462,4,12052.390000000001,3,3,3,333
user_174,826,2,6534.58,4,4,4,444
user_1740,415,2,46988.26,1,4,1,141
user_1741,662,1,2817.06,4,4,4,444
user_1742,438,3,4152.0599999999995,2,4,4,244
user_1743,742,2,4922.82,4,4,4,444
user_1744,403,7,11007.01,1,1,3,113
user_1745,473,6,24726.839999999997,3,2,2,322
user_1746,444,5,15191.869999999999,2,3,3,233
user_1747,544,2,4046.92,4,4,4,444
user_1748,608,4,10160.65,4,3,3,433
user_1749,416,5,17018.84,1,3,2,132
user_175,428,6,28670.58,2,2,2,222
user_1750,399,10,72082.16,1,1,1,111
user_1751,481,6,97770.38,3,2,1,321
user_1752,424,8,11920.82,2,1,3,213
user_1753,614,3,7596.280000000001,4,4,4,444
user_1754,486,4,6699.5599999999995,3,3,4,334
user_1755,433,7,19239.08,2,1,2,212
user_1756,401,3,27322.309999999998,1,4,2,142
user_1757,416,4,13912.97,1,3,3,133
user_1758,406,10,30773.879999999997,1,1,1,111
user_1759,524,5,58458.32,4,3,1,431
user_176,424,2,7175.49,2,4,4,244
user_1760,459,9,16305.58,2,1,2,212
user_1761,433,4,8358.09,2,3,4,234
user_1762,491,5,15586.57,3,3,3,333
user_1763,495,6,13977.02,3,2,3,323
user_1764,484,5,11734.82,3,3,3,333
user_1765,412,5,58745.6,1,3,1,131
user_1766,454,1,1347.65,2,4,4,244
user_1767,516,5,15497.1,3,3,3,333
user_1768,789,3,14033.74,4,4,3,443
user_1769,416,5,19156.56,1,3,2,132
user_177,448,8,37448.55,2,1,1,211
user_1770,458,3,12369.24,2,4,3,243
user_1771,406,3,3345.33,1,4,4,144
user_1772,505,5,10967.5,3,3,3,333
user_1773,430,9,26318.13,2,1,2,212
user_1774,421,4,9713.7,1,3,3,133
user_1775,417,6,18265.379999999997,1,2,2,122
user_1776,625,4,13758.890000000001,4,3,3,433
user_1777,424,6,14462.12,2,2,3,223
user_1778,453,4,41293.56,2,3,1,231
user_1779,523,4,10627.3,4,3,3,433
user_1780,452,2,7530.96,2,4,4,244
user_1781,409,4,8483.58,1,3,4,134
user_1782,447,10,29569.42,2,1,1,211
user_1783,445,4,14699.68,2,3,3,233
user_1784,471,5,15219.68,3,3,3,333
user_1785,583,4,11619.21,4,3,3,433
user_1786,413,4,10653.25,1,3,3,133
user_1787,538,3,16221.73,4,4,3,443
user_1788,521,5,8302.07,3,3,4,334
user_1789,413,4,11280.64,1,3,3,133
user_179,442,7,18331.38,2,1,2,212
user_1790,430,3,12830.119999999999,2,4,3,243
user_1791,419,3,2870.3900000000003,1,4,4,144
user_1792,399,7,18376.460000000003,1,1,2,112
user_1793,587,6,22916.14,4,2,2,422
user_1794,464,3,3226.91,3,4,4,344
user_1795,586,3,7348.45,4,4,4,444
user_1796,413,7,51593.40000000001,1,1,1,111
user_1797,435,3,8847.44,2,4,4,244
user_1798,444,5,14145.65,2,3,3,233
user_1799,499,3,60582.95,3,4,1,341
user_18,499,2,6360.65,3,4,4,344
user_180,506,2,6901.78,3,4,4,344
user_1800,423,12,31059.420000000002,2,1,1,211
user_1801,444,2,33435.89,2,4,1,241
user_1802,464,4,9145.66,3,3,4,334
user_1803,416,7,108003.86000000002,1,1,1,111
user_1804,410,2,5600.59,1,4,4,144
user_1805,423,4,8761.24,2,3,4,234
user_1806,515,3,97109.98,3,4,1,341
user_1807,409,13,49536.35,1,1,1,111
user_1808,405,2,2821.3199999999997,1,4,4,144
user_1809,556,6,11129.99,4,2,3,423
user_181,494,3,6243.37,3,4,4,344
user_1810,672,2,94250.48,4,4,1,441
user_1811,409,9,28707.559999999998,1,1,2,112
user_1812,542,3,5532.879999999999,4,4,4,444
user_1813,464,4,13020.2,3,3,3,333
user_1814,410,5,12016.079999999998,1,3,3,133
user_1815,440,4,48890.40000000001,2,3,1,231
user_1816,437,6,29970.86,2,2,1,221
user_1817,585,4,14055.0,4,3,3,433
user_1818,416,6,67567.75,1,2,1,121
user_1819,473,5,13763.75,3,3,3,333
user_182,479,2,3124.3599999999997,3,4,4,344
user_1820,466,6,13574.210000000001,3,2,3,323
user_1821,409,5,17691.14,1,3,2,132
user_1822,426,5,18891.430000000004,2,3,2,232
user_1823,417,5,13927.390000000001,1,3,3,133
user_1824,407,10,26362.4,1,1,2,112
user_1825,414,2,4257.2,1,4,4,144
user_1826,537,4,14357.25,4,3,3,433
user_1827,412,9,42728.49,1,1,1,111
user_1828,413,9,110248.53000000001,1,1,1,111
user_1829,483,6,23996.46,3,2,2,322
user_183,418,9,40886.939999999995,1,1,1,111
user_1830,403,6,72854.11,1,2,1,121
user_1831,689,6,23964.97,4,2,2,422
user_1832,436,5,20536.089999999997,2,3,2,232
user_1834,491,3,10232.919999999998,3,4,3,343
user_1835,427,6,21811.68,2,2,2,222
user_1836,511,3,7593.55,3,4,4,344
user_1837,566,8,25840.62,4,1,2,412
user_1838,525,3,42385.189999999995,4,4,1,441
user_1839,435,7,65891.89,2,1,1,211
user_184,498,5,10771.939999999999,3,3,3,333
user_1840,790,2,5668.5599999999995,4,4,4,444
user_1841,416,6,13993.449999999999,1,2,3,123
user_1842,684,2,5752.25,4,4,4,444
user_1843,535,5,13438.62,4,3,3,433
user_1844,590,4,10043.8,4,3,3,433
user_1845,604,1,1648.2,4,4,4,444
user_1846,409,9,30208.07,1,1,1,111
user_1847,560,2,1356.8200000000002,4,4,4,444
user_1848,409,6,18004.219999999998,1,2,2,122
user_1849,498,10,58030.170000000006,3,1,1,311
user_185,425,4,16672.61,2,3,2,232
user_1850,484,4,15606.08,3,3,3,333
user_1851,406,4,5797.38,1,3,4,134
user_1852,450,9,24642.2,2,1,2,212
user_1853,442,5,11526.14,2,3,3,233
user_1854,417,8,103404.85,1,1,1,111
user_1855,424,6,14391.470000000001,2,2,3,223
user_1856,501,10,24454.92,3,1,2,312
user_1857,478,7,39107.94,3,1,1,311
user_1858,465,6,20491.61,3,2,2,322
user_1859,413,9,18628.359999999997,1,1,2,112
user_186,740,1,6693.82,4,4,4,444
user_1860,437,5,17273.7,2,3,2,232
user_1861,467,5,18677.899999999998,3,3,2,332
user_1862,549,3,7146.34,4,4,4,444
user_1863,444,2,10002.51,2,4,3,243
user_1864,436,10,25016.93,2,1,2,212
user_1866,513,4,8553.34,3,3,4,334
user_1867,572,4,10155.65,4,3,3,433
user_1868,467,2,4405.65,3,4,4,344
user_1869,737,3,10502.67,4,4,3,443
user_187,486,9,23241.67,3,1,2,312
user_1870,528,5,17620.120000000003,4,3,2,432
user_1871,405,3,5177.98,1,4,4,144
user_1872,583,3,2859.04,4,4,4,444
user_1873,431,8,17685.739999999998,2,1,2,212
user_1874,563,8,47071.71000000001,4,1,1,411
user_1875,421,4,7388.42,1,3,4,134
user_1876,492,8,50506.590000000004,3,1,1,311
user_1877,452,7,186078.09,2,1,1,211
user_1878,630,4,17716.5,4,3,2,432
user_1879,434,8,64792.99,2,1,1,211
user_188,414,9,21790.65,1,1,2,112
user_1880,455,3,3551.05,2,4,4,244
user_1881,429,4,47952.11,2,3,1,231
user_1882,471,7,13119.640000000001,3,1,3,313
user_1883,597,5,14887.650000000001,4,3,3,433
user_1884,813,2,8580.099999999999,4,4,4,444
user_1885,436,6,21265.47,2,2,2,222
user_1886,465,1,2977.57,3,4,4,344
user_1887,561,3,5107.36,4,4,4,444
user_1888,433,8,22568.85,2,1,2,212
user_1889,637,2,11865.609999999999,4,4,3,443
user_189,399,4,11924.24,1,3,3,133
user_1890,488,6,15886.159999999998,3,2,3,323
user_1891,487,6,14355.599999999999,3,2,3,323
user_1892,423,3,11866.2,2,4,3,243
user_1893,422,6,18542.04,2,2,2,222
user_1894,420,2,4457.35,1,4,4,144
user_1895,522,3,5718.68,3,4,4,344
user_1896,419,8,19575.059999999998,1,1,2,112
user_1897,480,2,3151.65,3,4,4,344
user_1898,545,1,5506.73,4,4,4,444
user_1899,431,4,8744.5,2,3,4,234
user_19,525,11,40490.64,4,1,1,411
user_190,410,7,17579.59,1,1,2,112
user_1900,439,5,11791.970000000001,2,3,3,233
user_1901,403,7,19855.84,1,1,2,112
user_1902,412,6,84396.70000000001,1,2,1,121
user_1903,406,3,7333.75,1,4,4,144
user_1904,484,5,12064.5,3,3,3,333
user_1905,591,4,7050.799999999999,4,3,4,434
user_1906,412,6,14853.45,1,2,3,123
user_1907,400,6,24260.04,1,2,2,122
user_1908,410,6,19722.75,1,2,2,122
user_1909,401,7,13276.52,1,1,3,113
user_191,415,6,12890.100000000002,1,2,3,123
user_1910,427,6,11375.72,2,2,3,223
user_1911,422,4,12289.12,2,3,3,233
user_1912,421,7,26219.66,1,1,2,112
user_1913,420,4,10651.36,1,3,3,133
user_1914,545,8,9590.779999999999,4,1,3,413
user_1915,457,10,20043.489999999998,2,1,2,212
user_1916,655,3,5272.719999999999,4,4,4,444
user_1917,497,4,8090.459999999999,3,3,4,334
user_1918,497,4,23296.379999999997,3,3,2,332
user_1919,707,2,9970.43,4,4,3,443
user_192,519,10,23044.65,3,1,2,312
user_1920,406,3,8213.55,1,4,4,144
user_1921,406,7,16783.559999999998,1,1,2,112
user_1922,464,3,12495.92,3,4,3,343
user_1923,406,4,7384.33,1,3,4,134
user_1924,561,6,16179.210000000001,4,2,3,423
user_1925,440,6,21926.33,2,2,2,222
user_1926,429,4,25620.100000000002,2,3,2,232
user_1927,521,3,28235.109999999997,3,4,2,342
user_1928,459,3,5026.63,2,4,4,244
user_1929,426,5,14404.43,2,3,3,233
user_193,601,5,26453.9,4,3,2,432
user_1930,432,4,14307.83,2,3,3,233
user_1931,404,4,9217.199999999999,1,3,4,134
user_1932,420,5,26558.32,1,3,2,132
user_1933,479,9,20316.41,3,1,2,312
user_1934,488,4,18558.489999999998,3,3,2,332
user_1935,533,4,7054.23,4,3,4,434
user_1936,473,8,27499.9,3,1,2,312
user_1937,409,5,55173.52,1,3,1,131
user_1938,557,5,63314.950000000004,4,3,1,431
user_1939,490,12,31954.82,3,1,1,311
user_194,478,9,32007.620000000003,3,1,1,311
user_1940,413,5,16986.73,1,3,2,132
user_1941,483,7,14986.35,3,1,3,313
user_1942,785,1,39824.14,4,4,1,441
user_1943,469,6,32645.65,3,2,1,321
user_1944,406,9,19525.71,1,1,2,112
user_1945,526,9,26044.870000000003,4,1,2,412
user_1946,422,5,13544.7,2,3,3,233
user_1947,443,8,20454.489999999998,2,1,2,212
user_1948,650,3,12416.92,4,4,3,443
user_1949,424,8,18776.9,2,1,2,212
user_195,435,7,28560.25,2,1,2,212
user_1950,496,2,6156.530000000001,3,4,4,344
user_1951,530,6,16244.49,4,2,3,423
user_1952,468,5,37051.91,3,3,1,331
user_1953,488,14,32391.279999999995,3,1,1,311
user_1954,532,4,21951.9,4,3,2,432
user_1956,709,4,9554.36,4,3,3,433
user_1957,450,6,29314.880000000005,2,2,1,221
user_1958,582,5,18768.73,4,3,2,432
user_1959,416,8,77786.01000000001,1,1,1,111
user_196,425,4,28324.839999999997,2,3,2,232
user_1960,414,6,18185.46,1,2,2,122
user_1961,415,10,28590.739999999998,1,1,2,112
user_1962,447,8,11151.79,2,1,3,213
user_1963,425,3,9251.51,2,4,4,244
user_1964,404,7,34101.96,1,1,1,111
user_1965,421,3,5953.96,1,4,4,144
user_1966,482,2,8825.349999999999,3,4,4,344
user_1967,592,4,6722.110000000001,4,3,4,434
user_1968,403,5,20056.010000000002,1,3,2,132
user_1969,451,8,124831.45999999999,2,1,1,211
user_197,402,4,13722.36,1,3,3,133
user_1970,505,7,17359.34,3,1,2,312
user_1971,476,4,50734.07,3,3,1,331
user_1972,423,2,6557.76,2,4,4,244
user_1973,474,4,60453.82,3,3,1,331
user_1974,479,5,9247.38,3,3,4,334
user_1975,531,2,5153.360000000001,4,4,4,444
user_1976,471,5,10665.02,3,3,3,333
user_1977,413,7,16342.539999999999,1,1,2,112
user_1978,436,4,109515.72,2,3,1,231
user_1979,496,5,86403.94,3,3,1,331
user_198,449,6,24351.010000000002,2,2,2,222
user_1980,437,6,19952.309999999998,2,2,2,222
user_1981,464,2,2308.38,3,4,4,344
user_1982,466,7,26591.82,3,1,2,312
user_1983,489,5,17378.02,3,3,2,332
user_1984,520,5,9174.470000000001,3,3,4,334
user_1985,496,2,1685.44,3,4,4,344
user_1986,410,9,27017.77,1,1,2,112
user_1987,406,9,18990.15,1,1,2,112
user_1988,417,3,16661.45,1,4,2,142
user_1989,435,3,3073.58,2,4,4,244
user_199,418,5,12571.59,1,3,3,133
user_1990,413,6,27480.39,1,2,2,122
user_1991,412,4,13088.300000000001,1,3,3,133
user_1992,549,7,24647.65,4,1,2,412
user_1993,664,1,4104.59,4,4,4,444
user_1994,515,6,24989.629999999997,3,2,2,322
user_1995,432,9,32846.32,2,1,1,211
user_1996,438,4,5465.900000000001,2,3,4,234
user_1997,465,7,28063.75,3,1,2,312
user_1998,401,7,43742.21,1,1,1,111
user_1999,515,4,4648.62,3,3,4,334
user_2,606,6,15504.01,4,2,3,423
user_20,407,2,28420.27,1,4,2,142
user_200,786,1,1608.69,4,4,4,444
user_2000,417,5,10482.25,1,3,3,133
user_201,430,8,19704.18,2,1,2,212
user_202,414,5,15664.869999999999,1,3,3,133
user_203,472,5,7993.09,3,3,4,334
user_204,817,1,618.23,4,4,4,444
user_205,488,3,6585.68,3,4,4,344
user_206,470,7,17284.54,3,1,2,312
user_207,506,3,5973.22,3,4,4,344
user_208,424,5,44156.95000000001,2,3,1,231
user_209,429,4,40478.89,2,3,1,231
user_21,407,9,63908.32000000001,1,1,1,111
user_210,518,7,17175.95,3,1,2,312
user_211,570,6,31505.9,4,2,1,421
user_212,447,5,17129.329999999998,2,3,2,232
user_213,407,4,7057.749999999999,1,3,4,134
user_214,404,6,40107.71,1,2,1,121
user_215,409,4,8504.46,1,3,4,134
user_216,421,8,51706.009999999995,1,1,1,111
user_217,438,7,22729.2,2,1,2,212
user_218,409,5,20016.44,1,3,2,132
user_219,536,3,3822.7200000000003,4,4,4,444
user_22,502,8,72696.78,3,1,1,311
user_220,406,5,13116.910000000002,1,3,3,133
user_221,651,4,8813.16,4,3,4,434
user_222,782,2,3490.1,4,4,4,444
user_223,422,2,5469.58,2,4,4,244
user_224,426,6,9385.56,2,2,4,224
user_225,407,4,28412.01,1,3,2,132
user_226,514,6,12951.75,3,2,3,323
user_227,570,8,21414.78,4,1,2,412
user_228,419,4,6366.42,1,3,4,134
user_229,560,4,12247.400000000001,4,3,3,433
user_23,434,5,15039.88,2,3,3,233
user_230,431,4,13759.529999999999,2,3,3,233
user_231,407,4,67356.13,1,3,1,131
user_232,511,6,19177.309999999998,3,2,2,322
user_233,510,5,65993.77,3,3,1,331
user_234,615,1,2573.36,4,4,4,444
user_235,451,6,121712.87,2,2,1,221
user_236,419,6,19187.210000000003,1,2,2,122
user_237,539,4,14024.97,4,3,3,433
user_238,489,6,13294.609999999999,3,2,3,323
user_239,400,5,17335.35,1,3,2,132
user_24,817,1,1478.6,4,4,4,444
user_241,600,2,2412.73,4,4,4,444
user_242,496,8,43540.54,3,1,1,311
user_243,717,3,31566.589999999997,4,4,1,441
user_244,401,3,39061.619999999995,1,4,1,141
user_245,528,7,10026.84,4,1,3,413
user_246,461,3,3194.8999999999996,3,4,4,344
user_247,422,8,36727.31,2,1,1,211
user_248,493,3,13167.16,3,4,3,343
user_249,525,3,8273.76,4,4,4,444
user_25,470,7,28184.79,3,1,2,312
user_250,443,5,63204.37,2,3,1,231
user_251,404,6,5611.700000000001,1,2,4,124
user_252,688,1,3945.1,4,4,4,444
user_253,434,8,18824.68,2,1,2,212
user_254,466,6,20234.579999999998,3,2,2,322
user_255,658,1,570.51,4,4,4,444
user_256,778,3,6245.87,4,4,4,444
user_257,446,2,38232.840000000004,2,4,1,241
user_258,408,5,46724.840000000004,1,3,1,131
user_259,611,4,6816.6900000000005,4,3,4,434
user_26,473,3,7626.859999999999,3,4,4,344
user_260,447,4,16255.52,2,3,3,233
user_261,436,5,10433.099999999999,2,3,3,233
user_262,497,6,178427.13999999998,3,2,1,321
user_263,529,4,16733.0,4,3,2,432
user_264,741,2,4964.34,4,4,4,444
user_265,398,6,72182.94,1,2,1,121
user_266,442,5,7619.820000000001,2,3,4,234
user_267,428,5,65530.490000000005,2,3,1,231
user_268,504,6,71465.54999999999,3,2,1,321
user_269,707,3,10910.31,4,4,3,443
user_27,449,5,18507.32,2,3,2,232
user_270,407,8,23779.05,1,1,2,112
user_271,438,4,6726.43,2,3,4,234
user_272,549,5,85771.65999999999,4,3,1,431
user_273,420,9,24304.14,1,1,2,112
user_274,406,7,65911.55,1,1,1,111
user_275,745,2,8192.93,4,4,4,444
user_276,434,5,5865.77,2,3,4,234
user_277,480,9,104850.67,3,1,1,311
user_278,407,6,21557.489999999998,1,2,2,122
user_279,663,3,9805.41,4,4,3,443
user_28,401,5,12561.519999999999,1,3,3,133
user_280,532,3,11539.24,4,4,3,443
user_281,471,4,119143.37,3,3,1,331
user_282,429,3,102047.06,2,4,1,241
user_283,417,8,19173.160000000003,1,1,2,112
user_284,482,5,8531.900000000001,3,3,4,334
user_285,435,6,75982.75,2,2,1,221
user_286,403,4,14912.710000000001,1,3,3,133
user_287,401,7,23195.920000000002,1,1,2,112
user_288,452,5,13031.66,2,3,3,233
user_289,458,7,12150.75,2,1,3,213
user_29,442,8,57682.47,2,1,1,211
user_290,494,1,3954.72,3,4,4,344
user_291,402,5,25007.92,1,3,2,132
user_292,680,2,3194.5299999999997,4,4,4,444
user_293,568,3,4121.1900000000005,4,4,4,444
user_294,469,5,13862.55,3,3,3,333
user_295,435,6,20093.88,2,2,2,222
user_296,418,7,19449.55,1,1,2,112
user_297,531,1,4331.47,4,4,4,444
user_298,573,3,11677.320000000002,4,4,3,443
user_299,465,3,7312.860000000001,3,4,4,344
user_3,496,5,48286.34,3,3,1,331
user_30,404,3,12698.130000000001,1,4,3,143
user_300,425,2,5678.47,2,4,4,244
user_301,428,3,4767.58,2,4,4,244
user_302,438,7,106386.46000000002,2,1,1,211
user_303,417,5,22803.33,1,3,2,132
user_304,547,4,12246.95,4,3,3,433
user_305,479,8,20803.78,3,1,2,312
user_306,427,5,12790.96,2,3,3,233
user_307,451,5,12374.619999999999,2,3,3,233
user_308,438,6,13037.77,2,2,3,223
user_309,402,2,4872.18,1,4,4,144
user_31,633,3,53184.2,4,4,1,441
user_310,583,4,10921.31,4,3,3,433
user_311,516,6,8383.32,3,2,4,324
user_312,666,3,9526.279999999999,4,4,3,443
user_313,573,7,28088.990000000005,4,1,2,412
user_314,438,6,16016.179999999998,2,2,3,223
user_315,607,3,86585.3,4,4,1,441
user_316,654,2,4905.49,4,4,4,444
user_317,566,3,21840.12,4,4,2,442
user_318,471,7,80004.96,3,1,1,311
user_319,839,1,3054.62,4,4,4,444
user_32,478,5,78029.27,3,3,1,331
user_320,656,3,9582.119999999999,4,4,3,443
user_321,454,7,14902.13,2,1,3,213
user_322,590,3,46888.17,4,4,1,441
user_323,537,2,5175.33,4,4,4,444
user_324,551,5,48885.11000000001,4,3,1,431
user_325,411,4,6665.23,1,3,4,134
user_326,531,3,33467.78,4,4,1,441
user_327,442,7,15118.82,2,1,3,213
user_328,490,5,10489.130000000001,3,3,3,333
user_329,403,4,91939.56999999999,1,3,1,131
user_33,571,2,60869.02,4,4,1,441
user_330,409,5,9503.23,1,3,4,134
user_331,473,7,39769.39,3,1,1,311
user_332,409,3,20425.91,1,4,2,142
user_333,529,2,6203.67,4,4,4,444
user_334,398,7,87506.90000000001,1,1,1,111
user_335,405,4,11104.85,1,3,3,133
user_336,402,7,12748.519999999999,1,1,3,113
user_337,602,4,23536.15,4,3,2,432
user_338,540,9,30396.75,4,1,1,411
user_339,466,5,70603.17,3,3,1,331
user_34,476,4,29564.420000000002,3,3,1,331
user_340,418,6,13437.97,1,2,3,123
user_341,624,5,17496.800000000003,4,3,2,432
user_342,513,6,102994.63,3,2,1,321
user_343,450,6,31859.829999999998,2,2,1,221
user_344,598,4,8383.869999999999,4,3,4,434
user_345,446,6,13640.740000000002,2,2,3,223
user_346,411,3,5921.78,1,4,4,144
user_347,448,3,6503.83,2,4,4,244
user_348,468,6,17929.879999999997,3,2,2,322
user_349,738,4,6951.37,4,3,4,434
user_35,422,5,19044.98,2,3,2,232
user_350,414,5,10945.64,1,3,3,133
user_351,622,3,13282.029999999999,4,4,3,443
user_352,507,2,6086.9400000000005,3,4,4,344
user_353,611,4,8771.5,4,3,4,434
user_354,497,3,4404.9,3,4,4,344
user_355,491,1,766.72,3,4,4,344
user_356,411,5,16163.439999999999,1,3,3,133
user_357,573,3,13376.779999999999,4,4,3,443
user_358,582,3,7500.52,4,4,4,444
user_359,477,2,7437.16,3,4,4,344
user_36,410,5,19593.98,1,3,2,132
user_360,541,6,85228.90000000001,4,2,1,421
user_361,483,4,6381.339999999999,3,3,4,334
user_362,411,4,9007.74,1,3,4,134
user_363,401,10,78759.76999999999,1,1,1,111
user_364,406,6,15818.2,1,2,3,123
user_365,411,6,16199.909999999998,1,2,3,123
user_366,408,7,33151.71000000001,1,1,1,111
user_367,604,5,137294.45,4,3,1,431
user_368,461,4,10069.59,3,3,3,333
user_369,579,3,17957.87,4,4,2,442
user_37,432,3,102674.7,2,4,1,241
user_370,461,4,14195.48,3,3,3,333
user_371,415,4,15934.880000000001,1,3,3,133
user_372,549,3,12988.349999999999,4,4,3,443
user_373,455,3,2845.49,2,4,4,244
user_374,471,4,82467.90999999999,3,3,1,331
user_375,433,7,23201.82,2,1,2,212
user_376,410,7,44745.83000000001,1,1,1,111
user_377,410,3,10090.66,1,4,3,143
user_378,502,6,22459.07,3,2,2,322
user_379,534,4,9024.6,4,3,4,434
user_38,648,3,15370.19,4,4,3,443
user_380,426,3,99668.77,2,4,1,241
user_381,427,8,93123.53,2,1,1,211
user_382,604,2,5584.32,4,4,4,444
user_383,446,9,21541.66,2,1,2,212
user_384,419,9,34288.01,1,1,1,111
user_385,428,3,9495.83,2,4,4,244
user_386,404,7,32882.689999999995,1,1,1,111
user_387,496,10,29370.16,3,1,1,311
user_388,703,4,68049.25,4,3,1,431
user_389,544,2,6992.6,4,4,4,444
user_39,563,7,17441.63,4,1,2,412
user_390,578,8,11116.070000000002,4,1,3,413
user_391,509,7,9713.91,3,1,3,313
user_392,414,4,11679.87,1,3,3,133
user_393,423,5,8779.43,2,3,4,234
user_395,471,5,18007.2,3,3,2,332
user_396,405,6,11784.53,1,2,3,123
user_397,468,7,18557.93,3,1,2,312
user_398,407,8,31624.8,1,1,1,111
user_399,457,6,11930.65,2,2,3,223
user_4,517,3,6853.45,3,4,4,344
user_40,461,6,28389.71,3,2,2,322
user_400,718,3,6522.16,4,4,4,444
user_401,510,9,85665.98,3,1,1,311
user_402,446,5,8011.82,2,3,4,234
user_403,502,3,10375.34,3,4,3,343
user_404,399,5,5884.969999999999,1,3,4,134
user_405,417,9,53818.59999999999,1,1,1,111
user_406,411,7,116576.63,1,1,1,111
user_407,576,6,12128.34,4,2,3,423
user_408,542,4,14887.44,4,3,3,433
user_409,419,1,1452.58,1,4,4,144
user_41,410,7,18586.52,1,1,2,112
user_410,510,4,30354.69,3,3,1,331
user_411,821,1,5931.8,4,4,4,444
user_412,476,4,11048.4,3,3,3,333
user_413,539,4,7660.65,4,3,4,434
user_414,420,7,21587.96,1,1,2,112
user_415,426,3,9895.560000000001,2,4,3,243
user_416,423,5,22482.32,2,3,2,232
user_417,587,1,8526.49,4,4,4,444
user_418,461,2,2387.5099999999998,3,4,4,344
user_419,496,7,19224.879999999997,3,1,2,312
user_42,726,3,6567.9,4,4,4,444
user_420,403,9,68967.19,1,1,1,111
user_421,408,6,25770.579999999998,1,2,2,122
user_422,544,8,17359.96,4,1,2,412
user_423,446,3,7183.65,2,4,4,244
user_424,502,2,6221.049999999999,3,4,4,344
user_425,422,8,23590.19,2,1,2,212
user_426,519,2,4953.32,3,4,4,344
user_427,520,6,12253.109999999999,3,2,3,323
user_428,476,4,9997.460000000001,3,3,3,333
user_429,410,9,20889.95,1,1,2,112
user_43,445,8,54658.05999999999,2,1,1,211
user_430,555,2,5340.379999999999,4,4,4,444
user_431,471,4,52829.16,3,3,1,331
user_432,409,5,13603.800000000001,1,3,3,133
user_433,411,2,7953.009999999999,1,4,4,144
user_434,572,4,14549.09,4,3,3,433
user_435,432,9,32566.870000000003,2,1,1,211
user_436,421,4,10418.47,1,3,3,133
user_437,653,1,1044.24,4,4,4,444
user_438,442,4,22316.680000000004,2,3,2,232
user_439,509,3,6948.12,3,4,4,344
user_44,432,2,8671.15,2,4,4,244
user_440,449,3,9656.019999999999,2,4,3,243
user_441,449,4,10757.01,2,3,3,233
user_442,484,8,13861.67,3,1,3,313
user_443,459,6,16080.429999999998,2,2,3,223
user_444,439,5,13712.91,2,3,3,233
user_445,519,7,26292.79,3,1,2,312
user_446,549,4,17491.190000000002,4,3,2,432
user_447,435,8,18843.63,2,1,2,212
user_448,591,3,4605.03,4,4,4,444
user_449,451,5,13177.46,2,3,3,233
user_45,472,4,6868.7300000000005,3,3,4,334
user_450,553,6,22434.2,4,2,2,422
user_451,674,2,9627.15,4,4,3,443
user_452,454,4,9818.33,2,3,3,233
user_453,399,7,39883.909999999996,1,1,1,111
user_454,439,5,12012.000000000002,2,3,3,233
user_455,434,8,28044.089999999997,2,1,2,212
user_456,519,6,30884.51,3,2,1,321
user_457,420,9,93715.5,1,1,1,111
user_458,409,2,10632.279999999999,1,4,3,143
user_459,414,7,36003.14000000001,1,1,1,111
user_46,432,2,13550.43,2,4,3,243
user_460,426,9,23541.809999999998,2,1,2,212
user_461,449,5,94222.58999999998,2,3,1,231
user_462,401,2,4747.68,1,4,4,144
user_463,539,3,46765.83,4,4,1,441
user_464,513,5,23041.41,3,3,2,332
user_465,444,6,11399.570000000002,2,2,3,223
user_466,790,1,1415.61,4,4,4,444
user_467,433,5,13433.609999999999,2,3,3,233
user_468,512,4,20344.95,3,3,2,332
user_469,531,2,9412.53,4,4,4,444
user_47,472,5,13471.64,3,3,3,333
user_470,437,3,61729.899999999994,2,4,1,241
user_471,453,12,112608.96999999999,2,1,1,211
user_472,470,4,13067.51,3,3,3,333
user_473,663,2,5129.450000000001,4,4,4,444
user_474,455,4,14030.93,2,3,3,233
user_475,420,3,58529.37,1,4,1,141
user_476,433,8,16940.1,2,1,2,212
user_477,405,6,19987.19,1,2,2,122
user_478,403,6,17306.93,1,2,2,122
user_479,428,2,1463.01,2,4,4,244
user_48,525,4,16406.31,4,3,2,432
user_480,476,6,18162.97,3,2,2,322
user_481,492,6,11346.36,3,2,3,323
user_482,429,3,11400.94,2,4,3,243
user_483,494,6,18439.320000000003,3,2,2,322
user_484,421,2,4949.24,1,4,4,144
user_485,595,11,59959.68,4,1,1,411
user_486,522,3,5615.110000000001,3,4,4,344
user_487,620,1,5600.84,4,4,4,444
user_488,514,6,10929.63,3,2,3,323
user_489,471,6,16576.640000000003,3,2,2,322
user_49,406,4,8533.92,1,3,4,134
user_490,473,8,69437.58,3,1,1,311
user_491,701,5,26190.469999999998,4,3,2,432
user_492,484,4,69154.53,3,3,1,331
user_493,436,7,25471.730000000003,2,1,2,212
user_494,440,8,36026.78,2,1,1,211
user_495,473,6,45901.01,3,2,1,321
user_496,542,3,14423.09,4,4,3,443
user_497,548,5,18027.79,4,3,2,432
user_498,475,3,2931.3900000000003,3,4,4,344
user_499,452,8,16478.12,2,1,2,212
user_5,413,4,9945.28,1,3,3,133
user_50,483,5,14853.31,3,3,3,333
user_500,411,7,20938.320000000003,1,1,2,112
user_501,402,4,52582.72,1,3,1,131
user_502,517,4,4864.6,3,3,4,334
user_503,455,7,15565.86,2,1,3,213
user_504,450,5,18963.09,2,3,2,232
user_505,445,6,108860.85,2,2,1,221
user_506,491,3,5795.6900000000005,3,4,4,344
user_507,549,2,13434.36,4,4,3,443
user_508,407,7,45686.78,1,1,1,111
user_509,441,6,18874.31,2,2,2,222
user_51,416,4,19379.949999999997,1,3,2,132
user_510,494,4,14943.849999999999,3,3,3,333
user_511,529,5,10350.99,4,3,3,433
user_512,435,2,5633.16,2,4,4,244
user_513,415,5,11206.97,1,3,3,133
user_514,533,3,8534.93,4,4,4,444
user_515,418,6,95348.01,1,2,1,121
user_516,406,9,30607.160000000003,1,1,1,111
user_517,404,5,91832.33,1,3,1,131
user_518,399,6,10630.470000000001,1,2,3,123
user_519,686,4,17637.06,4,3,2,432
user_52,437,4,6961.81,2,3,4,234
user_520,402,9,41699.06,1,1,1,111
user_521,438,8,17923.010000000002,2,1,2,212
user_522,498,4,7635.64,3,3,4,334
user_523,590,4,6681.53,4,3,4,434
user_524,529,5,16988.64,4,3,2,432
user_525,431,6,17821.52,2,2,2,222
user_526,496,6,115460.25,3,2,1,321
user_527,553,3,6904.780000000001,4,4,4,444
user_528,416,5,24195.89,1,3,2,132
user_529,597,4,12220.330000000002,4,3,3,433
user_53,594,4,23501.35,4,3,2,432
user_530,442,5,43129.670000000006,2,3,1,231
user_531,490,3,13208.59,3,4,3,343
user_532,411,6,8975.17,1,2,4,124
user_533,433,4,7009.87,2,3,4,234
user_534,417,5,13204.41,1,3,3,133
user_535,526,4,5608.61,4,3,4,434
user_536,555,4,8869.77,4,3,4,434
user_537,462,7,68415.42,3,1,1,311
user_538,483,6,11770.65,3,2,3,323
user_54,443,7,19087.59,2,1,2,212
user_540,405,8,34324.34,1,1,1,111
user_541,413,4,19842.22,1,3,2,132
user_542,408,7,23211.09,1,1,2,112
user_543,402,3,83487.36,1,4,1,141
user_544,428,4,16833.93,2,3,2,232
user_546,406,10,24954.02,1,1,2,112
user_547,404,5,18381.65,1,3,2,132
user_548,748,4,12908.31,4,3,3,433
user_549,399,4,35501.61,1,3,1,131
user_55,441,5,16710.44,2,3,2,232
user_550,430,5,12912.470000000001,2,3,3,233
user_551,398,4,6632.1,1,3,4,134
user_552,431,3,4930.36,2,4,4,244
user_553,452,6,23506.03,2,2,2,222
user_554,406,7,108120.53999999998,1,1,1,111
user_555,611,2,93765.41,4,4,1,441
user_556,560,4,15195.87,4,3,3,433
user_557,421,8,16192.599999999999,1,1,3,113
user_558,420,4,15334.400000000001,1,3,3,133
user_559,400,11,42396.09,1,1,1,111
user_56,406,5,28533.95,1,3,2,132
user_560,401,7,22126.35,1,1,2,112
user_561,486,7,56456.6,3,1,1,311
user_562,802,1,1532.78,4,4,4,444
user_563,402,7,114073.76,1,1,1,111
user_564,579,5,9376.43,4,3,4,434
user_565,406,4,7026.56,1,3,4,134
user_566,491,6,47554.42999999999,3,2,1,321
user_567,491,5,15328.4,3,3,3,333
user_568,495,2,74125.9,3,4,1,341
user_569,433,5,21245.46,2,3,2,232
user_57,421,4,12850.36,1,3,3,133
user_570,434,6,9676.669999999998,2,2,3,223
user_571,461,5,13889.48,3,3,3,333
user_572,526,4,11403.98,4,3,3,433
user_573,422,5,22294.29,2,3,2,232
user_574,479,6,20781.729999999996,3,2,2,322
user_575,520,9,38622.520000000004,3,1,1,311
user_576,497,4,14398.259999999998,3,3,3,333
user_577,761,2,1996.8700000000001,4,4,4,444
user_578,535,5,29337.69,4,3,1,431
user_579,488,5,45577.17,3,3,1,331
user_58,477,6,15271.89,3,2,3,323
user_580,467,4,8802.45,3,3,4,334
user_581,495,6,45337.53,3,2,1,321
user_582,407,6,19434.34,1,2,2,122
user_583,544,5,25155.210000000003,4,3,2,432
user_584,424,5,8863.27,2,3,4,234
user_585,579,3,12730.649999999998,4,4,3,443
user_586,430,4,16134.09,2,3,3,233
user_587,751,2,8379.1,4,4,4,444
user_588,410,11,22020.19,1,1,2,112
user_589,407,7,16255.71,1,1,2,112
user_59,610,4,42161.16,4,3,1,431
user_590,472,4,35207.2,3,3,1,331
user_591,471,2,4696.32,3,4,4,344
user_592,421,3,13799.16,1,4,3,143
user_593,518,7,11486.59,3,1,3,313
user_594,401,7,51718.590000000004,1,1,1,111
user_595,452,4,12578.470000000001,2,3,3,233
user_596,620,6,11255.470000000001,4,2,3,423
user_597,507,4,6911.949999999999,3,3,4,334
user_598,419,8,19413.920000000002,1,1,2,112
user_599,402,3,10402.23,1,4,3,143
user_6,423,4,11823.69,2,3,3,233
user_60,579,2,4058.1,4,4,4,444
user_600,655,2,3857.66,4,4,4,444
user_601,408,5,14692.28,1,3,3,133
user_602,457,5,8743.009999999998,2,3,4,234
user_603,534,1,2718.18,4,4,4,444
user_604,440,4,7661.139999999999,2,3,4,234
user_605,487,5,9186.32,3,3,4,334
user_606,412,4,10520.32,1,3,3,133
user_607,582,5,13404.25,4,3,3,433
user_608,447,8,103997.83,2,1,1,211
user_609,622,4,25714.84,4,3,2,432
user_61,472,7,12821.52,3,1,3,313
user_610,405,9,106314.8,1,1,1,111
user_611,429,6,17045.98,2,2,2,222
user_612,401,4,18350.550000000003,1,3,2,132
user_613,421,8,25391.58,1,1,2,112
user_614,507,4,9564.92,3,3,3,333
user_615,404,5,15719.52,1,3,3,133
user_616,431,6,15769.85,2,2,3,223
user_617,404,3,7703.85,1,4,4,144
user_618,492,8,16389.3,3,1,2,312
user_619,444,4,103264.23,2,3,1,231
user_62,451,3,15741.62,2,4,3,243
user_620,401,9,81391.16,1,1,1,111
user_621,468,5,8847.34,3,3,4,334
user_622,410,4,2824.88,1,3,4,134
user_623,430,5,15016.76,2,3,3,233
user_624,451,6,23507.2,2,2,2,222
user_625,411,5,7014.9,1,3,4,134
user_626,684,1,525.18,4,4,4,444
user_627,399,4,12388.369999999999,1,3,3,133
user_628,430,8,29971.45,2,1,1,211
user_629,490,7,21561.61,3,1,2,312
user_63,439,3,11334.050000000001,2,4,3,243
user_630,401,6,68408.92,1,2,1,121
user_631,435,4,9740.96,2,3,3,233
user_632,445,5,18416.05,2,3,2,232
user_633,452,4,15882.060000000001,2,3,3,233
user_634,462,8,16883.14,3,1,2,312
user_635,535,3,7796.860000000001,4,4,4,444
user_636,547,2,8226.16,4,4,4,444
user_637,453,5,10313.61,2,3,3,233
user_638,519,4,9030.529999999999,3,3,4,334
user_639,458,8,84891.14,2,1,1,211
user_64,527,3,6801.72,4,4,4,444
user_640,432,5,21241.73,2,3,2,232
user_641,449,3,112616.05,2,4,1,241
user_642,575,4,13186.81,4,3,3,433
user_643,535,3,5467.869999999999,4,4,4,444
user_644,497,5,53597.2,3,3,1,331
user_645,471,3,49031.75,3,4,1,341
user_646,416,8,18689.32,1,1,2,112
user_647,436,4,10749.53,2,3,3,233
user_648,460,3,103117.02,2,4,1,241
user_649,457,7,15375.380000000001,2,1,3,213
user_65,572,5,14578.23,4,3,3,433
user_650,465,5,10212.64,3,3,3,333
user_651,510,2,33006.3,3,4,1,341
user_652,407,4,9264.810000000001,1,3,4,134
user_653,416,6,59409.85999999999,1,2,1,121
user_654,589,4,21165.690000000002,4,3,2,432
user_655,616,2,101161.21,4,4,1,441
user_656,625,4,10773.279999999999,4,3,3,433
user_657,535,6,18687.47,4,2,2,422
user_658,460,6,84084.57999999999,2,2,1,221
user_659,498,5,14497.73,3,3,3,333
user_66,425,2,38181.659999999996,2,4,1,241
user_660,454,5,16258.84,2,3,2,232
user_661,403,13,81778.74,1,1,1,111
user_662,417,11,19601.38,1,1,2,112
user_663,451,7,21954.61,2,1,2,212
user_664,430,6,11005.0,2,2,3,223
user_665,520,4,9461.3,3,3,4,334
user_666,448,7,26735.739999999998,2,1,2,212
user_667,418,4,7956.66,1,3,4,134
user_668,440,4,10553.27,2,3,3,233
user_669,459,3,10015.19,2,4,3,243
user_67,632,3,18743.14,4,4,2,442
user_670,401,6,21075.04,1,2,2,122
user_671,532,1,2685.14,4,4,4,444
user_672,403,8,20624.72,1,1,2,112
user_673,500,4,34661.09,3,3,1,331
user_674,492,8,12896.91,3,1,3,313
user_675,483,3,6885.29,3,4,4,344
user_676,614,4,19457.42,4,3,2,432
user_677,501,1,821.71,3,4,4,344
user_678,469,3,58843.32,3,4,1,341
user_679,399,4,18550.07,1,3,2,132
user_68,419,4,80895.96,1,3,1,131
user_680,429,4,90409.59,2,3,1,231
user_681,398,5,14862.36,1,3,3,133
user_682,538,5,14940.55,4,3,3,433
user_683,499,3,7456.130000000001,3,4,4,344
user_684,542,2,2368.6,4,4,4,444
user_685,401,11,50264.13,1,1,1,111
user_686,460,5,27787.739999999998,2,3,2,232
user_687,436,5,79836.76,2,3,1,231
user_688,448,7,78482.85999999999,2,1,1,211
user_689,705,3,10032.199999999999,4,4,3,443
user_69,488,5,7520.26,3,3,4,334
user_690,421,8,61731.17,1,1,1,111
user_691,422,5,27149.96,2,3,2,232
user_692,502,3,11954.93,3,4,3,343
user_693,403,6,20329.35,1,2,2,122
user_694,467,4,6074.610000000001,3,3,4,334
user_695,418,5,10191.41,1,3,3,133
user_696,619,3,28448.909999999996,4,4,2,442
user_697,450,2,2712.24,2,4,4,244
user_698,502,7,23320.36,3,1,2,312
user_699,455,7,16954.78,2,1,2,212
user_7,502,5,9597.52,3,3,3,333
user_70,522,2,5073.64,3,4,4,344
user_700,513,10,95070.48999999999,3,1,1,311
user_701,690,3,6898.66,4,4,4,444
user_702,399,6,26660.9,1,2,2,122
user_703,427,6,18679.909999999996,2,2,2,222
user_704,403,7,58808.03,1,1,1,111
user_705,530,3,5840.92,4,4,4,444
user_706,550,1,8273.24,4,4,4,444
user_707,473,2,40745.47,3,4,1,341
user_708,409,2,6035.06,1,4,4,144
user_709,497,8,90490.77,3,1,1,311
user_71,627,3,13147.009999999998,4,4,3,443
user_710,464,8,94422.27,3,1,1,311
user_711,474,3,8826.869999999999,3,4,4,344
user_712,627,3,8570.86,4,4,4,444
user_713,518,2,8180.79,3,4,4,344
user_714,560,10,12389.970000000001,4,1,3,413
user_715,437,5,14055.560000000001,2,3,3,233
user_716,477,5,9386.25,3,3,4,334
user_717,438,3,10364.26,2,4,3,243
user_718,571,5,48223.119999999995,4,3,1,431
user_719,749,2,6024.13,4,4,4,444
user_72,693,6,6020.67,4,2,4,424
user_720,473,9,80455.25,3,1,1,311
user_721,439,5,72318.81999999999,2,3,1,231
user_722,485,3,4485.16,3,4,4,344
user_723,527,2,3029.65,4,4,4,444
user_724,409,3,70797.90000000001,1,4,1,141
user_725,418,5,131500.69,1,3,1,131
user_726,455,12,155498.1,2,1,1,211
user_727,446,8,92737.41,2,1,1,211
user_728,549,4,3041.02,4,3,4,434
user_729,513,6,10075.04,3,2,3,323
user_73,398,9,32479.83,1,1,1,111
user_730,551,5,14127.99,4,3,3,433
user_731,509,3,3333.7299999999996,3,4,4,344
user_732,416,9,18410.54,1,1,2,112
user_733,509,5,7987.33,3,3,4,334
user_734,671,2,5334.18,4,4,4,444
user_735,465,5,6442.570000000001,3,3,4,334
user_736,412,5,56800.03999999999,1,3,1,131
user_737,501,2,4627.549999999999,3,4,4,344
user_738,410,6,125709.81,1,2,1,121
user_739,419,5,11233.9,1,3,3,133
user_74,401,4,18585.49,1,3,2,132
user_740,571,5,36020.47,4,3,1,431
user_741,718,2,76979.01000000001,4,4,1,441
user_742,429,5,12832.31,2,3,3,233
user_743,496,2,1930.96,3,4,4,344
user_744,407,5,20214.93,1,3,2,132
user_745,567,2,7742.26,4,4,4,444
user_746,414,4,9175.529999999999,1,3,4,134
user_747,729,2,4942.3,4,4,4,444
user_748,426,6,15280.89,2,2,3,223
user_749,525,4,20293.649999999998,4,3,2,432
user_75,403,6,21508.409999999996,1,2,2,122
user_750,525,4,7889.85,4,3,4,434
user_751,507,7,19504.42,3,1,2,312
user_752,499,6,14878.43,3,2,3,323
user_753,492,5,58598.49,3,3,1,331
user_754,431,6,17886.27,2,2,2,222
user_755,489,3,35702.4,3,4,1,341
user_756,517,4,8920.72,3,3,4,334
user_757,420,3,27704.7,1,4,2,142
user_758,484,7,37018.19,3,1,1,311
user_759,402,8,23648.89,1,1,2,112
user_76,455,7,28548.78,2,1,2,212
user_760,561,1,2888.35,4,4,4,444
user_761,449,8,38365.78999999999,2,1,1,211
user_762,479,5,21719.059999999998,3,3,2,332
user_763,491,9,73377.87,3,1,1,311
user_764,531,5,31862.510000000002,4,3,1,431
user_765,599,1,4596.39,4,4,4,444
user_766,404,2,63018.99,1,4,1,141
user_767,427,5,27116.05,2,3,2,232
user_768,409,3,6813.34,1,4,4,144
user_769,409,3,3523.8099999999995,1,4,4,144
user_77,428,2,5323.52,2,4,4,244
user_770,498,8,27612.22,3,1,2,312
user_771,414,5,19982.989999999998,1,3,2,132
user_772,592,5,16173.31,4,3,3,433
user_773,620,1,793.69,4,4,4,444
user_774,458,5,14791.260000000002,2,3,3,233
user_775,590,2,9123.59,4,4,4,444
user_776,418,7,19681.95,1,1,2,112
user_777,463,3,7281.57,3,4,4,344
user_778,444,7,57939.94,2,1,1,211
user_779,569,6,11764.89,4,2,3,423
user_78,408,6,17798.04,1,2,2,122
user_780,402,7,16025.329999999998,1,1,3,113
user_781,515,10,40347.15,3,1,1,311
user_782,511,2,2866.79,3,4,4,344
user_783,448,3,3367.29,2,4,4,244
user_784,493,6,13125.95,3,2,3,323
user_785,409,7,40074.86000000001,1,1,1,111
user_786,430,1,563.79,2,4,4,244
user_787,409,4,7459.299999999999,1,3,4,134
user_788,744,3,6164.299999999999,4,4,4,444
user_789,653,4,9759.16,4,3,3,433
user_79,407,7,15948.939999999999,1,1,3,113
user_790,446,5,91951.07999999999,2,3,1,231
user_791,509,7,84121.26999999999,3,1,1,311
user_792,429,5,8846.890000000001,2,3,4,234
user_793,640,4,20197.14,4,3,2,432
user_794,406,9,122888.47,1,1,1,111
user_795,511,4,13688.440000000002,3,3,3,333
user_796,427,5,12090.869999999999,2,3,3,233
user_797,573,6,25337.74,4,2,2,422
user_798,468,6,13849.130000000001,3,2,3,323
user_799,541,2,6146.6900000000005,4,4,4,444
user_8,470,5,9463.84,3,3,4,334
user_80,451,1,4781.39,2,4,4,244
user_800,437,6,24397.1,2,2,2,222
user_801,501,5,17056.609999999997,3,3,2,332
user_802,474,8,91734.57,3,1,1,311
user_803,461,3,23299.61,3,4,2,342
user_804,471,5,24219.69,3,3,2,332
user_805,513,7,31184.37,3,1,1,311
user_806,421,6,20602.28,1,2,2,122
user_807,568,4,15357.48,4,3,3,433
user_808,485,2,60242.469999999994,3,4,1,341
user_809,712,3,6333.01,4,4,4,444
user_81,587,1,3085.7,4,4,4,444
user_810,410,4,18873.84,1,3,2,132
user_811,432,2,7052.63,2,4,4,244
user_812,792,1,557.33,4,4,4,444
user_813,471,2,6518.610000000001,3,4,4,344
user_814,433,7,27936.509999999995,2,1,2,212
user_815,503,4,8180.59,3,3,4,334
user_816,428,8,74504.20999999999,2,1,1,211
user_817,485,7,12492.34,3,1,3,313
user_818,501,3,6255.56,3,4,4,344
user_819,428,5,12283.55,2,3,3,233
user_82,454,4,19561.25,2,3,2,232
user_820,625,7,13709.779999999999,4,1,3,413
user_821,463,6,16646.5,3,2,2,322
user_822,446,9,86273.14,2,1,1,211
user_823,529,5,5868.07,4,3,4,434
user_824,463,3,59381.56,3,4,1,341
user_825,481,9,20909.0,3,1,2,312
user_826,427,5,13672.76,2,3,3,233
user_827,413,5,12460.119999999999,1,3,3,133
user_828,508,6,16639.84,3,2,2,322
user_829,426,2,1463.6,2,4,4,244
user_83,409,8,17721.48,1,1,2,112
user_830,536,3,6678.719999999999,4,4,4,444
user_831,508,8,119742.17,3,1,1,311
user_832,471,3,5003.66,3,4,4,344
user_833,473,7,44275.649999999994,3,1,1,311
user_834,562,3,3277.49,4,4,4,444
user_835,608,2,9961.77,4,4,3,443
user_836,430,6,13615.69,2,2,3,223
user_837,405,7,110297.44999999998,1,1,1,111
user_838,451,6,17602.480000000003,2,2,2,222
user_839,466,2,2336.38,3,4,4,344
user_84,455,3,44314.96000000001,2,4,1,241
user_840,509,6,9992.21,3,2,3,323
user_841,434,6,54298.380000000005,2,2,1,221
user_842,419,4,15500.81,1,3,3,133
user_843,627,4,5372.639999999999,4,3,4,434
user_844,407,7,39935.909999999996,1,1,1,111
user_845,421,6,21212.329999999998,1,2,2,122
user_846,419,4,48730.49,1,3,1,131
user_847,472,4,6826.290000000001,3,3,4,334
user_848,463,8,16588.34,3,1,2,312
user_849,421,8,29088.370000000003,1,1,1,111
user_85,528,3,12635.49,4,4,3,443
user_850,535,6,99048.59999999998,4,2,1,421
user_851,448,4,17259.36,2,3,2,232
user_852,593,5,26316.629999999997,4,3,2,432
user_853,497,6,10265.86,3,2,3,323
user_854,616,5,38053.310000000005,4,3,1,431
user_855,410,5,21363.65,1,3,2,132
user_856,454,6,19039.15,2,2,2,222
user_857,487,4,22425.35,3,3,2,332
user_858,415,6,18925.19,1,2,2,122
user_859,424,5,19072.589999999997,2,3,2,232
user_86,634,4,7743.910000000001,4,3,4,434
user_860,473,4,10558.310000000001,3,3,3,333
user_861,449,3,8902.44,2,4,4,244
user_862,432,6,43235.479999999996,2,2,1,221
user_863,468,4,43087.48,3,3,1,331
user_864,563,4,8649.970000000001,4,3,4,434
user_865,436,5,9205.73,2,3,4,234
user_866,422,7,28351.480000000003,2,1,2,212
user_867,455,5,68083.6,2,3,1,231
user_868,538,6,95295.17,4,2,1,421
user_869,513,4,9424.210000000001,3,3,4,334
user_87,400,7,38235.61,1,1,1,111
user_870,450,4,25482.48,2,3,2,232
user_871,402,9,20503.3,1,1,2,112
user_872,473,6,16870.050000000003,3,2,2,322
user_873,427,7,74293.29000000001,2,1,1,211
user_874,437,5,59424.060000000005,2,3,1,231
user_875,502,3,2671.25,3,4,4,344
user_876,405,5,9992.460000000001,1,3,3,133
user_877,403,7,38296.06,1,1,1,111
user_878,456,3,10690.67,2,4,3,243
user_879,670,3,1779.09,4,4,4,444
user_88,408,5,44045.09,1,3,1,131
user_880,761,1,1659.43,4,4,4,444
user_881,415,12,123121.13,1,1,1,111
user_882,410,3,96424.43000000001,1,4,1,141
user_883,439,9,20389.710000000003,2,1,2,212
user_884,455,7,58993.950000000004,2,1,1,211
user_885,398,3,9522.0,1,4,3,143
user_886,513,5,12433.0,3,3,3,333
user_887,452,8,22372.43,2,1,2,212
user_888,467,5,11271.32,3,3,3,333
user_889,417,9,88627.95,1,1,1,111
user_89,545,3,86614.33,4,4,1,441
user_890,646,2,3202.3599999999997,4,4,4,444
user_891,479,9,26672.52,3,1,2,312
user_892,428,7,21447.32,2,1,2,212
user_893,503,7,18420.81,3,1,2,312
user_894,420,5,16321.83,1,3,2,132
user_895,418,8,141266.06,1,1,1,111
user_896,477,3,11167.82,3,4,3,343
user_897,416,6,119396.35,1,2,1,121
user_898,428,4,9302.02,2,3,4,234
user_899,423,9,17212.5,2,1,2,212
user_9,398,3,13538.55,1,4,3,143
user_90,400,8,36759.17,1,1,1,111
user_900,437,6,22294.16,2,2,2,222
user_901,452,2,15749.24,2,4,3,243
user_902,424,8,30395.869999999995,2,1,1,211
user_903,399,7,21441.3,1,1,2,112
user_904,416,5,96870.04,1,3,1,131
user_905,449,6,10550.109999999999,2,2,3,223
user_906,419,7,17216.870000000003,1,1,2,112
user_907,464,3,104057.56,3,4,1,341
user_908,441,1,1674.32,2,4,4,244
user_909,429,4,18993.030000000002,2,3,2,232
user_91,467,2,33801.61,3,4,1,341
user_910,543,3,10590.41,4,4,3,443
user_911,459,6,16844.219999999998,2,2,2,222
user_912,467,6,61905.329999999994,3,2,1,321
user_913,452,6,20323.09,2,2,2,222
user_914,493,6,13788.69,3,2,3,323
user_915,442,6,13122.580000000002,2,2,3,223
user_916,432,4,78134.04999999999,2,3,1,231
user_917,446,9,112765.24000000002,2,1,1,211
user_918,406,6,14531.119999999999,1,2,3,123
user_919,446,8,18238.38,2,1,2,212
user_92,413,7,12409.82,1,1,3,113
user_920,470,6,73507.32999999999,3,2,1,321
user_921,432,9,135149.61000000002,2,1,1,211
user_922,639,3,12547.93,4,4,3,443
user_923,557,5,10171.61,4,3,3,433
user_924,433,6,11782.09,2,2,3,223
user_925,575,9,27045.79,4,1,2,412
user_926,460,6,17881.08,2,2,2,222
user_927,497,2,62050.329999999994,3,4,1,341
user_928,402,4,18046.309999999998,1,3,2,132
user_929,406,7,35079.29,1,1,1,111
user_93,510,7,16652.06,3,1,2,312
user_930,403,7,28764.1,1,1,2,112
user_931,565,4,11108.25,4,3,3,433
user_932,478,5,11831.93,3,3,3,333
user_933,754,1,3937.88,4,4,4,444
user_934,547,6,15358.02,4,2,3,423
user_935,704,2,7921.6900000000005,4,4,4,444
user_936,420,12,36827.100000000006,1,1,1,111
user_937,413,5,42389.979999999996,1,3,1,131
user_938,411,6,10891.080000000002,1,2,3,123
user_939,413,7,87549.18000000001,1,1,1,111
user_94,748,1,4442.28,4,4,4,444
user_940,636,8,71364.17,4,1,1,411
user_941,744,3,5781.22,4,4,4,444
user_942,546,8,64669.270000000004,4,1,1,411
user_943,426,7,26855.9,2,1,2,212
user_944,507,6,14596.02,3,2,3,323
user_945,678,4,8969.740000000002,4,3,4,434
user_946,449,6,44479.990000000005,2,2,1,221
user_947,416,12,31596.989999999998,1,1,1,111
user_948,493,5,13460.939999999999,3,3,3,333
user_949,484,3,11005.57,3,4,3,343
user_95,492,4,5238.07,3,3,4,334
user_950,409,3,12891.95,1,4,3,143
user_951,513,6,19005.89,3,2,2,322
user_952,668,7,20263.69,4,1,2,412
user_953,477,3,93278.64,3,4,1,341
user_954,461,4,15216.27,3,3,3,333
user_955,444,6,13756.96,2,2,3,223
user_956,470,9,20984.199999999997,3,1,2,312
user_957,423,7,34114.77,2,1,1,211
user_958,514,8,27345.600000000002,3,1,2,312
user_959,652,4,6585.08,4,3,4,434
user_96,519,5,24154.530000000002,3,3,2,332
user_960,512,4,15750.150000000001,3,3,3,333
user_961,631,3,3405.67,4,4,4,444
user_962,426,6,9510.61,2,2,3,223
user_963,406,7,12790.14,1,1,3,113
user_964,408,4,7204.49,1,3,4,134
user_965,443,3,4467.85,2,4,4,244
user_966,497,2,11741.1,3,4,3,343
user_967,422,2,12783.19,2,4,3,243
user_968,409,4,66893.62,1,3,1,131
user_969,641,4,12564.570000000002,4,3,3,433
user_97,632,2,94598.71,4,4,1,441
user_970,599,2,3818.78,4,4,4,444
user_971,474,4,13493.759999999998,3,3,3,333
user_972,523,4,9932.09,4,3,3,433
user_973,400,11,77534.9,1,1,1,111
user_974,421,8,24445.88,1,1,2,112
user_975,401,6,107347.78,1,2,1,121
user_976,460,4,5972.61,2,3,4,234
user_977,441,5,15124.560000000001,2,3,3,233
user_978,535,4,29797.02,4,3,1,431
user_979,609,4,11088.599999999999,4,3,3,433
user_98,508,4,9137.25,3,3,4,334
user_980,468,4,4164.49,3,3,4,334
user_981,415,7,63858.81,1,1,1,111
user_982,434,6,25910.89,2,2,2,222
user_983,517,4,12731.13,3,3,3,333
user_984,469,8,22821.21,3,1,2,312
user_985,403,6,19257.83,1,2,2,122
user_986,421,6,49348.07,1,2,1,121
user_987,643,2,3219.37,4,4,4,444
user_988,447,8,28677.91,2,1,2,212
user_989,510,5,76744.85,3,3,1,331
user_99,574,5,29608.550000000003,4,3,1,431
user_990,405,8,34711.74,1,1,1,111
user_991,407,3,23458.0,1,4,2,142
user_992,410,5,25609.360000000004,1,3,2,132
user_993,453,7,20081.98,2,1,2,212
user_994,620,6,73490.19,4,2,1,421
user_995,687,3,6848.29,4,4,4,444
user_996,411,3,88196.98,1,4,1,141
user_997,517,4,6467.0,3,3,4,334
user_998,409,3,8443.14,1,4,4,144
user_999,405,7,56986.119999999995,1,1,1,111
